0,3.5
0.035,3.5
0.07,3.5
0.105,3.5
0.14,3.5
0.175,3.5
0.21,3.5
0.245,3.5
0.28,3.5
0.735,3.5
0.77,3.5
0.805,3.5
0.84,3.5
0.875,3.5
0.91,3.5
0.945,3.5
0,3.465
0.035,3.465
0.07,3.465
0.105,3.465
0.14,3.465
0.175,3.465
0.21,3.465
0.245,3.465
0.7,3.465
0.735,3.465
0.77,3.465
0.805,3.465
0.84,3.465
0.875,3.465
0.91,3.465
0,3.43
0.035,3.43
0.07,3.43
0.105,3.43
0.14,3.43
0.175,3.43
0.21,3.43
0.665,3.43
0.7,3.43
0.735,3.43
0.77,3.43
0.805,3.43
0.84,3.43
0.875,3.43
1.47,3.43
0,3.395
0.035,3.395
0.07,3.395
0.105,3.395
0.14,3.395
0.175,3.395
0.63,3.395
0.665,3.395
0.7,3.395
0.735,3.395
0.77,3.395
0.805,3.395
0.84,3.395
1.4,3.395
1.435,3.395
1.47,3.395
0,3.36
0.035,3.36
0.07,3.36
0.105,3.36
0.14,3.36
0.175,3.36
0.595,3.36
0.63,3.36
0.665,3.36
0.7,3.36
0.735,3.36
0.77,3.36
0.805,3.36
1.365,3.36
1.4,3.36
1.435,3.36
0,3.325
0.035,3.325
0.07,3.325
0.105,3.325
0.14,3.325
0.525,3.325
0.56,3.325
0.595,3.325
0.63,3.325
0.665,3.325
0.7,3.325
0.735,3.325
0.77,3.325
1.33,3.325
1.365,3.325
1.4,3.325
1.435,3.325
0,3.29
0.035,3.29
0.07,3.29
0.105,3.29
0.49,3.29
0.525,3.29
0.56,3.29
0.595,3.29
0.63,3.29
0.665,3.29
0.7,3.29
0.735,3.29
0.77,3.29
1.26,3.29
1.295,3.29
1.33,3.29
1.365,3.29
1.4,3.29
0,3.255
0.035,3.255
0.07,3.255
0.455,3.255
0.49,3.255
0.525,3.255
0.56,3.255
0.595,3.255
0.63,3.255
0.665,3.255
0.7,3.255
0.735,3.255
1.225,3.255
1.26,3.255
1.295,3.255
1.33,3.255
1.365,3.255
0,3.22
0.035,3.22
0.42,3.22
0.455,3.22
0.49,3.22
0.525,3.22
0.56,3.22
0.595,3.22
0.63,3.22
0.665,3.22
0.7,3.22
1.19,3.22
1.225,3.22
1.26,3.22
1.295,3.22
1.33,3.22
0,3.185
0.385,3.185
0.42,3.185
0.455,3.185
0.49,3.185
0.525,3.185
0.56,3.185
0.595,3.185
0.63,3.185
0.665,3.185
1.155,3.185
1.19,3.185
1.225,3.185
1.26,3.185
1.295,3.185
1.33,3.185
0.35,3.15
0.385,3.15
0.42,3.15
0.455,3.15
0.49,3.15
0.525,3.15
0.56,3.15
0.595,3.15
0.63,3.15
1.12,3.15
1.155,3.15
1.19,3.15
1.225,3.15
1.26,3.15
1.295,3.15
0.28,3.115
0.315,3.115
0.35,3.115
0.385,3.115
0.42,3.115
0.455,3.115
0.49,3.115
0.525,3.115
0.56,3.115
0.595,3.115
1.05,3.115
1.085,3.115
1.12,3.115
1.155,3.115
1.19,3.115
1.225,3.115
1.26,3.115
0.245,3.08
0.28,3.08
0.315,3.08
0.35,3.08
0.385,3.08
0.42,3.08
0.455,3.08
0.49,3.08
0.525,3.08
0.56,3.08
1.015,3.08
1.05,3.08
1.085,3.08
1.12,3.08
1.155,3.08
1.19,3.08
1.225,3.08
1.82,3.08
1.855,3.08
0.21,3.045
0.245,3.045
0.28,3.045
0.315,3.045
0.35,3.045
0.385,3.045
0.42,3.045
0.455,3.045
0.49,3.045
0.525,3.045
0.56,3.045
0.98,3.045
1.015,3.045
1.05,3.045
1.085,3.045
1.12,3.045
1.155,3.045
1.19,3.045
1.785,3.045
1.82,3.045
0.175,3.01
0.21,3.01
0.245,3.01
0.28,3.01
0.315,3.01
0.35,3.01
0.385,3.01
0.42,3.01
0.455,3.01
0.49,3.01
0.525,3.01
0.945,3.01
0.98,3.01
1.015,3.01
1.05,3.01
1.085,3.01
1.12,3.01
1.155,3.01
1.715,3.01
1.75,3.01
1.785,3.01
0.14,2.975
0.175,2.975
0.21,2.975
0.245,2.975
0.28,2.975
0.315,2.975
0.35,2.975
0.385,2.975
0.42,2.975
0.455,2.975
0.49,2.975
0.91,2.975
0.945,2.975
0.98,2.975
1.015,2.975
1.05,2.975
1.085,2.975
1.12,2.975
1.155,2.975
1.68,2.975
1.715,2.975
1.75,2.975
1.785,2.975
0.07,2.94
0.105,2.94
0.14,2.94
0.175,2.94
0.21,2.94
0.245,2.94
0.28,2.94
0.315,2.94
0.35,2.94
0.385,2.94
0.42,2.94
0.455,2.94
0.49,2.94
0.525,2.94
0.56,2.94
0.84,2.94
0.875,2.94
0.91,2.94
0.945,2.94
0.98,2.94
1.015,2.94
1.05,2.94
1.085,2.94
1.12,2.94
1.645,2.94
1.68,2.94
1.715,2.94
1.75,2.94
0.035,2.905
0.07,2.905
0.105,2.905
0.14,2.905
0.175,2.905
0.21,2.905
0.245,2.905
0.28,2.905
0.315,2.905
0.35,2.905
0.385,2.905
0.42,2.905
0.455,2.905
0.49,2.905
0.525,2.905
0.56,2.905
0.595,2.905
0.63,2.905
0.805,2.905
0.84,2.905
0.875,2.905
0.91,2.905
0.945,2.905
0.98,2.905
1.015,2.905
1.05,2.905
1.085,2.905
1.575,2.905
1.61,2.905
1.645,2.905
1.68,2.905
1.715,2.905
0,2.87
0.035,2.87
0.07,2.87
0.105,2.87
0.14,2.87
0.175,2.87
0.21,2.87
0.245,2.87
0.28,2.87
0.315,2.87
0.35,2.87
0.385,2.87
0.42,2.87
0.455,2.87
0.49,2.87
0.525,2.87
0.56,2.87
0.595,2.87
0.63,2.87
0.665,2.87
0.7,2.87
0.735,2.87
0.77,2.87
0.805,2.87
0.84,2.87
0.875,2.87
0.91,2.87
0.945,2.87
0.98,2.87
1.015,2.87
1.05,2.87
1.54,2.87
1.575,2.87
1.61,2.87
1.645,2.87
1.68,2.87
1.715,2.87
0,2.835
0.035,2.835
0.07,2.835
0.105,2.835
0.14,2.835
0.175,2.835
0.21,2.835
0.245,2.835
0.28,2.835
0.315,2.835
0.35,2.835
0.385,2.835
0.42,2.835
0.455,2.835
0.49,2.835
0.525,2.835
0.56,2.835
0.595,2.835
0.63,2.835
0.665,2.835
0.7,2.835
0.735,2.835
0.77,2.835
0.805,2.835
0.84,2.835
0.875,2.835
0.91,2.835
0.945,2.835
0.98,2.835
1.015,2.835
1.505,2.835
1.54,2.835
1.575,2.835
1.61,2.835
1.645,2.835
1.68,2.835
0,2.8
0.035,2.8
0.07,2.8
0.105,2.8
0.14,2.8
0.175,2.8
0.21,2.8
0.245,2.8
0.28,2.8
0.315,2.8
0.35,2.8
0.385,2.8
0.42,2.8
0.455,2.8
0.49,2.8
0.525,2.8
0.56,2.8
0.595,2.8
0.63,2.8
0.665,2.8
0.7,2.8
0.735,2.8
0.77,2.8
0.805,2.8
0.84,2.8
0.875,2.8
0.91,2.8
0.945,2.8
0.98,2.8
1.47,2.8
1.505,2.8
1.54,2.8
1.575,2.8
1.61,2.8
1.645,2.8
0,2.765
0.035,2.765
0.07,2.765
0.105,2.765
0.14,2.765
0.175,2.765
0.21,2.765
0.245,2.765
0.28,2.765
0.315,2.765
0.35,2.765
0.385,2.765
0.42,2.765
0.455,2.765
0.49,2.765
0.525,2.765
0.56,2.765
0.595,2.765
0.63,2.765
0.665,2.765
0.7,2.765
0.735,2.765
0.77,2.765
0.805,2.765
0.84,2.765
0.875,2.765
0.91,2.765
0.945,2.765
0.98,2.765
1.435,2.765
1.47,2.765
1.505,2.765
1.54,2.765
1.575,2.765
1.61,2.765
0,2.73
0.035,2.73
0.07,2.73
0.105,2.73
0.14,2.73
0.175,2.73
0.21,2.73
0.245,2.73
0.28,2.73
0.315,2.73
0.35,2.73
0.385,2.73
0.42,2.73
0.455,2.73
0.49,2.73
0.525,2.73
0.56,2.73
0.595,2.73
0.63,2.73
0.665,2.73
0.7,2.73
0.735,2.73
0.77,2.73
0.805,2.73
0.84,2.73
0.875,2.73
0.91,2.73
0.945,2.73
1.365,2.73
1.4,2.73
1.435,2.73
1.47,2.73
1.505,2.73
1.54,2.73
1.575,2.73
2.17,2.73
2.205,2.73
0,2.695
0.035,2.695
0.07,2.695
0.105,2.695
0.14,2.695
0.175,2.695
0.21,2.695
0.245,2.695
0.28,2.695
0.315,2.695
0.35,2.695
0.385,2.695
0.42,2.695
0.455,2.695
0.49,2.695
0.525,2.695
0.56,2.695
0.595,2.695
0.63,2.695
0.665,2.695
0.7,2.695
0.735,2.695
0.77,2.695
0.805,2.695
0.84,2.695
0.875,2.695
0.91,2.695
0.945,2.695
0.98,2.695
1.015,2.695
1.33,2.695
1.365,2.695
1.4,2.695
1.435,2.695
1.47,2.695
1.505,2.695
1.54,2.695
2.135,2.695
2.17,2.695
0,2.66
0.035,2.66
0.07,2.66
0.105,2.66
0.14,2.66
0.175,2.66
0.21,2.66
0.28,2.66
0.315,2.66
0.35,2.66
0.385,2.66
0.42,2.66
0.455,2.66
0.49,2.66
0.525,2.66
0.56,2.66
0.595,2.66
0.63,2.66
0.665,2.66
0.7,2.66
0.735,2.66
0.77,2.66
0.805,2.66
0.84,2.66
0.875,2.66
0.91,2.66
0.945,2.66
0.98,2.66
1.015,2.66
1.05,2.66
1.295,2.66
1.33,2.66
1.365,2.66
1.4,2.66
1.435,2.66
1.47,2.66
1.505,2.66
1.54,2.66
2.1,2.66
2.135,2.66
2.17,2.66
0,2.625
0.035,2.625
0.07,2.625
0.105,2.625
0.14,2.625
0.175,2.625
0.28,2.625
0.315,2.625
0.35,2.625
0.385,2.625
0.42,2.625
0.455,2.625
0.49,2.625
0.525,2.625
0.56,2.625
0.595,2.625
0.63,2.625
0.665,2.625
0.7,2.625
0.735,2.625
0.77,2.625
0.805,2.625
0.84,2.625
0.875,2.625
0.91,2.625
0.945,2.625
0.98,2.625
1.015,2.625
1.05,2.625
1.085,2.625
1.12,2.625
1.26,2.625
1.295,2.625
1.33,2.625
1.365,2.625
1.4,2.625
1.435,2.625
1.47,2.625
1.505,2.625
2.03,2.625
2.065,2.625
2.1,2.625
2.135,2.625
0,2.59
0.035,2.59
0.07,2.59
0.105,2.59
0.14,2.59
0.175,2.59
0.28,2.59
0.315,2.59
0.35,2.59
0.385,2.59
0.42,2.59
0.455,2.59
0.49,2.59
0.525,2.59
0.56,2.59
0.595,2.59
0.63,2.59
0.665,2.59
0.7,2.59
0.735,2.59
0.77,2.59
0.805,2.59
0.84,2.59
0.875,2.59
0.91,2.59
0.945,2.59
0.98,2.59
1.015,2.59
1.05,2.59
1.085,2.59
1.12,2.59
1.155,2.59
1.225,2.59
1.26,2.59
1.295,2.59
1.33,2.59
1.365,2.59
1.4,2.59
1.435,2.59
1.47,2.59
1.995,2.59
2.03,2.59
2.065,2.59
2.1,2.59
0,2.555
0.035,2.555
0.07,2.555
0.105,2.555
0.14,2.555
0.315,2.555
0.35,2.555
0.385,2.555
0.42,2.555
0.455,2.555
0.49,2.555
0.525,2.555
0.56,2.555
0.595,2.555
0.63,2.555
0.665,2.555
0.7,2.555
0.735,2.555
0.77,2.555
0.805,2.555
0.84,2.555
0.875,2.555
0.91,2.555
0.945,2.555
0.98,2.555
1.015,2.555
1.05,2.555
1.085,2.555
1.12,2.555
1.155,2.555
1.19,2.555
1.225,2.555
1.26,2.555
1.295,2.555
1.33,2.555
1.365,2.555
1.4,2.555
1.435,2.555
1.96,2.555
1.995,2.555
2.03,2.555
2.065,2.555
0,2.52
0.035,2.52
0.07,2.52
0.105,2.52
0.315,2.52
0.35,2.52
0.385,2.52
0.42,2.52
0.455,2.52
0.49,2.52
0.525,2.52
0.56,2.52
0.595,2.52
0.63,2.52
0.665,2.52
0.7,2.52
0.735,2.52
0.77,2.52
0.805,2.52
0.84,2.52
0.875,2.52
0.91,2.52
0.945,2.52
0.98,2.52
1.015,2.52
1.05,2.52
1.085,2.52
1.12,2.52
1.155,2.52
1.19,2.52
1.225,2.52
1.26,2.52
1.295,2.52
1.33,2.52
1.365,2.52
1.4,2.52
1.89,2.52
1.925,2.52
1.96,2.52
1.995,2.52
2.03,2.52
2.065,2.52
0,2.485
0.035,2.485
0.07,2.485
0.315,2.485
0.35,2.485
0.385,2.485
0.42,2.485
0.455,2.485
0.49,2.485
0.525,2.485
0.56,2.485
0.595,2.485
0.63,2.485
0.665,2.485
0.7,2.485
0.735,2.485
0.77,2.485
0.805,2.485
0.84,2.485
0.875,2.485
0.91,2.485
0.945,2.485
0.98,2.485
1.015,2.485
1.05,2.485
1.085,2.485
1.12,2.485
1.155,2.485
1.19,2.485
1.225,2.485
1.26,2.485
1.295,2.485
1.33,2.485
1.365,2.485
1.855,2.485
1.89,2.485
1.925,2.485
1.96,2.485
1.995,2.485
2.03,2.485
0,2.45
0.035,2.45
0.28,2.45
0.315,2.45
0.35,2.45
0.385,2.45
0.42,2.45
0.455,2.45
0.49,2.45
0.525,2.45
0.56,2.45
0.595,2.45
0.63,2.45
0.665,2.45
0.7,2.45
0.735,2.45
0.77,2.45
0.805,2.45
0.84,2.45
0.875,2.45
0.91,2.45
0.945,2.45
0.98,2.45
1.015,2.45
1.05,2.45
1.085,2.45
1.12,2.45
1.155,2.45
1.19,2.45
1.225,2.45
1.26,2.45
1.295,2.45
1.33,2.45
1.365,2.45
1.82,2.45
1.855,2.45
1.89,2.45
1.925,2.45
1.96,2.45
1.995,2.45
0,2.415
0.035,2.415
0.245,2.415
0.28,2.415
0.315,2.415
0.35,2.415
0.385,2.415
0.42,2.415
0.455,2.415
0.49,2.415
0.525,2.415
0.56,2.415
0.595,2.415
0.63,2.415
0.665,2.415
0.7,2.415
0.735,2.415
0.77,2.415
0.805,2.415
0.84,2.415
0.875,2.415
0.91,2.415
0.945,2.415
0.98,2.415
1.015,2.415
1.05,2.415
1.085,2.415
1.12,2.415
1.155,2.415
1.19,2.415
1.225,2.415
1.26,2.415
1.295,2.415
1.33,2.415
1.365,2.415
1.4,2.415
1.785,2.415
1.82,2.415
1.855,2.415
1.89,2.415
1.925,2.415
1.96,2.415
0,2.38
0.175,2.38
0.21,2.38
0.245,2.38
0.28,2.38
0.315,2.38
0.35,2.38
0.385,2.38
0.42,2.38
0.455,2.38
0.49,2.38
0.525,2.38
0.56,2.38
0.595,2.38
0.63,2.38
0.665,2.38
0.7,2.38
0.735,2.38
0.77,2.38
0.805,2.38
0.84,2.38
0.875,2.38
0.91,2.38
0.945,2.38
0.98,2.38
1.015,2.38
1.05,2.38
1.085,2.38
1.12,2.38
1.155,2.38
1.19,2.38
1.225,2.38
1.26,2.38
1.295,2.38
1.33,2.38
1.365,2.38
1.4,2.38
1.435,2.38
1.75,2.38
1.785,2.38
1.82,2.38
1.855,2.38
1.89,2.38
1.925,2.38
2.555,2.38
0.14,2.345
0.175,2.345
0.21,2.345
0.245,2.345
0.28,2.345
0.315,2.345
0.35,2.345
0.385,2.345
0.42,2.345
0.455,2.345
0.49,2.345
0.525,2.345
0.56,2.345
0.595,2.345
0.63,2.345
0.665,2.345
0.7,2.345
0.735,2.345
0.77,2.345
0.805,2.345
0.84,2.345
0.875,2.345
0.91,2.345
0.945,2.345
0.98,2.345
1.015,2.345
1.05,2.345
1.085,2.345
1.12,2.345
1.155,2.345
1.19,2.345
1.225,2.345
1.26,2.345
1.295,2.345
1.33,2.345
1.365,2.345
1.4,2.345
1.435,2.345
1.47,2.345
1.68,2.345
1.715,2.345
1.75,2.345
1.785,2.345
1.82,2.345
1.855,2.345
1.89,2.345
1.925,2.345
2.485,2.345
2.52,2.345
0.105,2.31
0.14,2.31
0.175,2.31
0.21,2.31
0.245,2.31
0.28,2.31
0.315,2.31
0.35,2.31
0.385,2.31
0.42,2.31
0.455,2.31
0.49,2.31
0.525,2.31
0.56,2.31
0.595,2.31
0.63,2.31
0.665,2.31
0.7,2.31
0.735,2.31
0.77,2.31
0.805,2.31
0.84,2.31
0.875,2.31
0.91,2.31
0.945,2.31
0.98,2.31
1.015,2.31
1.05,2.31
1.085,2.31
1.12,2.31
1.155,2.31
1.19,2.31
1.225,2.31
1.26,2.31
1.295,2.31
1.33,2.31
1.365,2.31
1.4,2.31
1.435,2.31
1.47,2.31
1.505,2.31
1.645,2.31
1.68,2.31
1.715,2.31
1.75,2.31
1.785,2.31
1.82,2.31
1.855,2.31
1.89,2.31
2.45,2.31
2.485,2.31
2.52,2.31
0.07,2.275
0.105,2.275
0.14,2.275
0.175,2.275
0.21,2.275
0.245,2.275
0.28,2.275
0.315,2.275
0.35,2.275
0.385,2.275
0.42,2.275
0.455,2.275
0.49,2.275
0.525,2.275
0.56,2.275
0.595,2.275
0.63,2.275
0.665,2.275
0.7,2.275
0.735,2.275
0.77,2.275
0.805,2.275
0.84,2.275
0.875,2.275
0.91,2.275
0.945,2.275
0.98,2.275
1.015,2.275
1.05,2.275
1.085,2.275
1.12,2.275
1.155,2.275
1.19,2.275
1.225,2.275
1.26,2.275
1.295,2.275
1.33,2.275
1.365,2.275
1.4,2.275
1.435,2.275
1.47,2.275
1.505,2.275
1.54,2.275
1.61,2.275
1.645,2.275
1.68,2.275
1.715,2.275
1.75,2.275
1.785,2.275
1.82,2.275
1.855,2.275
2.38,2.275
2.415,2.275
2.45,2.275
2.485,2.275
0,2.24
0.035,2.24
0.07,2.24
0.105,2.24
0.14,2.24
0.175,2.24
0.21,2.24
0.245,2.24
0.28,2.24
0.315,2.24
0.35,2.24
0.385,2.24
0.42,2.24
0.455,2.24
0.49,2.24
0.525,2.24
0.56,2.24
0.595,2.24
0.63,2.24
0.665,2.24
0.7,2.24
0.735,2.24
0.77,2.24
0.805,2.24
0.84,2.24
0.875,2.24
0.91,2.24
0.945,2.24
0.98,2.24
1.015,2.24
1.05,2.24
1.085,2.24
1.12,2.24
1.155,2.24
1.19,2.24
1.225,2.24
1.26,2.24
1.295,2.24
1.33,2.24
1.365,2.24
1.4,2.24
1.435,2.24
1.47,2.24
1.505,2.24
1.54,2.24
1.575,2.24
1.61,2.24
1.645,2.24
1.68,2.24
1.715,2.24
1.75,2.24
1.785,2.24
1.82,2.24
2.345,2.24
2.38,2.24
2.415,2.24
2.45,2.24
0,2.205
0.035,2.205
0.07,2.205
0.105,2.205
0.14,2.205
0.175,2.205
0.21,2.205
0.245,2.205
0.28,2.205
0.315,2.205
0.35,2.205
0.385,2.205
0.42,2.205
0.455,2.205
0.49,2.205
0.525,2.205
0.56,2.205
0.595,2.205
0.63,2.205
0.665,2.205
0.7,2.205
0.735,2.205
0.77,2.205
0.805,2.205
0.84,2.205
0.875,2.205
0.91,2.205
0.945,2.205
0.98,2.205
1.015,2.205
1.05,2.205
1.085,2.205
1.12,2.205
1.155,2.205
1.19,2.205
1.225,2.205
1.26,2.205
1.295,2.205
1.33,2.205
1.365,2.205
1.4,2.205
1.435,2.205
1.47,2.205
1.505,2.205
1.54,2.205
1.575,2.205
1.61,2.205
1.645,2.205
1.68,2.205
1.715,2.205
1.75,2.205
1.785,2.205
2.31,2.205
2.345,2.205
2.38,2.205
2.415,2.205
2.45,2.205
0,2.17
0.035,2.17
0.07,2.17
0.105,2.17
0.14,2.17
0.175,2.17
0.21,2.17
0.245,2.17
0.28,2.17
0.315,2.17
0.35,2.17
0.385,2.17
0.42,2.17
0.455,2.17
0.525,2.17
0.56,2.17
0.595,2.17
0.63,2.17
0.665,2.17
0.7,2.17
0.735,2.17
0.77,2.17
0.805,2.17
0.84,2.17
0.875,2.17
0.91,2.17
0.945,2.17
0.98,2.17
1.015,2.17
1.05,2.17
1.085,2.17
1.12,2.17
1.155,2.17
1.19,2.17
1.225,2.17
1.26,2.17
1.295,2.17
1.33,2.17
1.365,2.17
1.4,2.17
1.435,2.17
1.47,2.17
1.505,2.17
1.54,2.17
1.575,2.17
1.61,2.17
1.645,2.17
1.68,2.17
1.715,2.17
1.75,2.17
2.275,2.17
2.31,2.17
2.345,2.17
2.38,2.17
2.415,2.17
0,2.135
0.035,2.135
0.07,2.135
0.105,2.135
0.14,2.135
0.175,2.135
0.21,2.135
0.245,2.135
0.28,2.135
0.315,2.135
0.35,2.135
0.385,2.135
0.42,2.135
0.56,2.135
0.595,2.135
0.63,2.135
0.665,2.135
0.7,2.135
0.735,2.135
0.77,2.135
0.805,2.135
0.84,2.135
0.875,2.135
0.91,2.135
0.945,2.135
0.98,2.135
1.015,2.135
1.05,2.135
1.085,2.135
1.12,2.135
1.155,2.135
1.19,2.135
1.225,2.135
1.26,2.135
1.295,2.135
1.33,2.135
1.365,2.135
1.4,2.135
1.435,2.135
1.47,2.135
1.505,2.135
1.54,2.135
1.575,2.135
1.61,2.135
1.645,2.135
1.68,2.135
1.715,2.135
1.75,2.135
2.205,2.135
2.24,2.135
2.275,2.135
2.31,2.135
2.345,2.135
2.38,2.135
0,2.1
0.035,2.1
0.07,2.1
0.105,2.1
0.14,2.1
0.175,2.1
0.21,2.1
0.245,2.1
0.28,2.1
0.315,2.1
0.35,2.1
0.385,2.1
0.42,2.1
0.56,2.1
0.595,2.1
0.63,2.1
0.665,2.1
0.7,2.1
0.735,2.1
0.77,2.1
0.805,2.1
0.84,2.1
0.875,2.1
0.91,2.1
0.945,2.1
0.98,2.1
1.015,2.1
1.05,2.1
1.085,2.1
1.12,2.1
1.155,2.1
1.19,2.1
1.225,2.1
1.26,2.1
1.295,2.1
1.33,2.1
1.365,2.1
1.4,2.1
1.435,2.1
1.47,2.1
1.505,2.1
1.54,2.1
1.575,2.1
1.61,2.1
1.645,2.1
1.68,2.1
1.715,2.1
1.75,2.1
2.17,2.1
2.205,2.1
2.24,2.1
2.275,2.1
2.31,2.1
2.345,2.1
0,2.065
0.035,2.065
0.07,2.065
0.105,2.065
0.14,2.065
0.175,2.065
0.21,2.065
0.245,2.065
0.28,2.065
0.315,2.065
0.35,2.065
0.385,2.065
0.595,2.065
0.63,2.065
0.665,2.065
0.7,2.065
0.735,2.065
0.77,2.065
0.805,2.065
0.84,2.065
0.875,2.065
0.91,2.065
0.945,2.065
0.98,2.065
1.015,2.065
1.05,2.065
1.085,2.065
1.12,2.065
1.155,2.065
1.19,2.065
1.225,2.065
1.26,2.065
1.295,2.065
1.33,2.065
1.365,2.065
1.4,2.065
1.435,2.065
1.47,2.065
1.505,2.065
1.54,2.065
1.575,2.065
1.61,2.065
1.645,2.065
1.68,2.065
1.715,2.065
1.75,2.065
1.785,2.065
2.135,2.065
2.17,2.065
2.205,2.065
2.24,2.065
2.275,2.065
2.31,2.065
0,2.03
0.035,2.03
0.07,2.03
0.105,2.03
0.14,2.03
0.175,2.03
0.21,2.03
0.245,2.03
0.28,2.03
0.315,2.03
0.35,2.03
0.56,2.03
0.595,2.03
0.63,2.03
0.665,2.03
0.7,2.03
0.735,2.03
0.77,2.03
0.805,2.03
0.84,2.03
0.875,2.03
0.91,2.03
0.945,2.03
0.98,2.03
1.015,2.03
1.05,2.03
1.085,2.03
1.12,2.03
1.155,2.03
1.19,2.03
1.225,2.03
1.26,2.03
1.295,2.03
1.33,2.03
1.365,2.03
1.4,2.03
1.435,2.03
1.47,2.03
1.505,2.03
1.54,2.03
1.575,2.03
1.61,2.03
1.645,2.03
1.68,2.03
1.715,2.03
1.75,2.03
1.785,2.03
1.82,2.03
2.1,2.03
2.135,2.03
2.17,2.03
2.205,2.03
2.24,2.03
2.275,2.03
2.31,2.03
2.905,2.03
0,1.995
0.035,1.995
0.07,1.995
0.105,1.995
0.14,1.995
0.175,1.995
0.21,1.995
0.245,1.995
0.28,1.995
0.315,1.995
0.49,1.995
0.525,1.995
0.56,1.995
0.595,1.995
0.63,1.995
0.665,1.995
0.7,1.995
0.735,1.995
0.77,1.995
0.805,1.995
0.84,1.995
0.875,1.995
0.91,1.995
0.945,1.995
0.98,1.995
1.015,1.995
1.05,1.995
1.085,1.995
1.12,1.995
1.155,1.995
1.19,1.995
1.225,1.995
1.26,1.995
1.295,1.995
1.33,1.995
1.365,1.995
1.4,1.995
1.435,1.995
1.47,1.995
1.505,1.995
1.54,1.995
1.575,1.995
1.61,1.995
1.645,1.995
1.68,1.995
1.715,1.995
1.75,1.995
1.785,1.995
1.82,1.995
1.855,1.995
2.065,1.995
2.1,1.995
2.135,1.995
2.17,1.995
2.205,1.995
2.24,1.995
2.275,1.995
2.835,1.995
2.87,1.995
2.905,1.995
0,1.96
0.035,1.96
0.07,1.96
0.105,1.96
0.14,1.96
0.175,1.96
0.21,1.96
0.245,1.96
0.28,1.96
0.315,1.96
0.455,1.96
0.49,1.96
0.525,1.96
0.56,1.96
0.595,1.96
0.63,1.96
0.665,1.96
0.7,1.96
0.735,1.96
0.77,1.96
0.805,1.96
0.84,1.96
0.875,1.96
0.91,1.96
0.945,1.96
0.98,1.96
1.015,1.96
1.05,1.96
1.085,1.96
1.12,1.96
1.155,1.96
1.19,1.96
1.225,1.96
1.26,1.96
1.295,1.96
1.33,1.96
1.365,1.96
1.4,1.96
1.435,1.96
1.47,1.96
1.505,1.96
1.54,1.96
1.575,1.96
1.61,1.96
1.645,1.96
1.68,1.96
1.715,1.96
1.75,1.96
1.785,1.96
1.82,1.96
1.855,1.96
1.89,1.96
1.995,1.96
2.03,1.96
2.065,1.96
2.1,1.96
2.135,1.96
2.17,1.96
2.205,1.96
2.24,1.96
2.8,1.96
2.835,1.96
2.87,1.96
0,1.925
0.035,1.925
0.07,1.925
0.105,1.925
0.14,1.925
0.175,1.925
0.21,1.925
0.245,1.925
0.28,1.925
0.42,1.925
0.455,1.925
0.49,1.925
0.525,1.925
0.56,1.925
0.595,1.925
0.63,1.925
0.665,1.925
0.7,1.925
0.735,1.925
0.77,1.925
0.805,1.925
0.84,1.925
0.875,1.925
0.91,1.925
0.945,1.925
0.98,1.925
1.015,1.925
1.05,1.925
1.085,1.925
1.12,1.925
1.155,1.925
1.19,1.925
1.225,1.925
1.26,1.925
1.295,1.925
1.33,1.925
1.365,1.925
1.4,1.925
1.435,1.925
1.47,1.925
1.505,1.925
1.54,1.925
1.575,1.925
1.61,1.925
1.645,1.925
1.68,1.925
1.715,1.925
1.75,1.925
1.785,1.925
1.82,1.925
1.855,1.925
1.89,1.925
1.925,1.925
1.96,1.925
1.995,1.925
2.03,1.925
2.065,1.925
2.1,1.925
2.135,1.925
2.17,1.925
2.205,1.925
2.765,1.925
2.8,1.925
2.835,1.925
0,1.89
0.035,1.89
0.07,1.89
0.105,1.89
0.14,1.89
0.175,1.89
0.21,1.89
0.245,1.89
0.35,1.89
0.385,1.89
0.42,1.89
0.455,1.89
0.49,1.89
0.525,1.89
0.56,1.89
0.595,1.89
0.63,1.89
0.665,1.89
0.7,1.89
0.735,1.89
0.77,1.89
0.805,1.89
0.84,1.89
0.875,1.89
0.91,1.89
0.945,1.89
0.98,1.89
1.015,1.89
1.05,1.89
1.085,1.89
1.12,1.89
1.155,1.89
1.19,1.89
1.225,1.89
1.26,1.89
1.295,1.89
1.33,1.89
1.365,1.89
1.4,1.89
1.435,1.89
1.47,1.89
1.505,1.89
1.54,1.89
1.575,1.89
1.61,1.89
1.645,1.89
1.68,1.89
1.715,1.89
1.75,1.89
1.785,1.89
1.82,1.89
1.855,1.89
1.89,1.89
1.925,1.89
1.96,1.89
1.995,1.89
2.03,1.89
2.065,1.89
2.1,1.89
2.135,1.89
2.17,1.89
2.695,1.89
2.73,1.89
2.765,1.89
2.8,1.89
2.835,1.89
0,1.855
0.035,1.855
0.07,1.855
0.105,1.855
0.14,1.855
0.175,1.855
0.21,1.855
0.245,1.855
0.28,1.855
0.315,1.855
0.35,1.855
0.385,1.855
0.42,1.855
0.455,1.855
0.49,1.855
0.525,1.855
0.56,1.855
0.595,1.855
0.63,1.855
0.665,1.855
0.7,1.855
0.735,1.855
0.77,1.855
0.805,1.855
0.84,1.855
0.875,1.855
0.91,1.855
0.945,1.855
0.98,1.855
1.015,1.855
1.05,1.855
1.085,1.855
1.12,1.855
1.155,1.855
1.19,1.855
1.225,1.855
1.26,1.855
1.295,1.855
1.33,1.855
1.365,1.855
1.4,1.855
1.435,1.855
1.47,1.855
1.505,1.855
1.54,1.855
1.575,1.855
1.61,1.855
1.645,1.855
1.68,1.855
1.715,1.855
1.75,1.855
1.785,1.855
1.82,1.855
1.855,1.855
1.89,1.855
1.925,1.855
1.96,1.855
1.995,1.855
2.03,1.855
2.065,1.855
2.1,1.855
2.135,1.855
2.66,1.855
2.695,1.855
2.73,1.855
2.765,1.855
2.8,1.855
0,1.82
0.035,1.82
0.07,1.82
0.105,1.82
0.14,1.82
0.175,1.82
0.21,1.82
0.245,1.82
0.28,1.82
0.315,1.82
0.35,1.82
0.385,1.82
0.42,1.82
0.455,1.82
0.49,1.82
0.525,1.82
0.56,1.82
0.595,1.82
0.63,1.82
0.665,1.82
0.7,1.82
0.735,1.82
0.77,1.82
0.805,1.82
0.84,1.82
0.875,1.82
0.91,1.82
0.945,1.82
0.98,1.82
1.015,1.82
1.05,1.82
1.085,1.82
1.12,1.82
1.155,1.82
1.19,1.82
1.225,1.82
1.26,1.82
1.295,1.82
1.33,1.82
1.365,1.82
1.4,1.82
1.435,1.82
1.47,1.82
1.505,1.82
1.54,1.82
1.575,1.82
1.61,1.82
1.645,1.82
1.68,1.82
1.715,1.82
1.75,1.82
1.785,1.82
1.82,1.82
1.855,1.82
1.89,1.82
1.925,1.82
1.96,1.82
1.995,1.82
2.03,1.82
2.065,1.82
2.1,1.82
2.135,1.82
2.625,1.82
2.66,1.82
2.695,1.82
2.73,1.82
2.765,1.82
0,1.785
0.035,1.785
0.07,1.785
0.105,1.785
0.14,1.785
0.175,1.785
0.21,1.785
0.245,1.785
0.28,1.785
0.315,1.785
0.35,1.785
0.385,1.785
0.42,1.785
0.455,1.785
0.49,1.785
0.525,1.785
0.56,1.785
0.595,1.785
0.63,1.785
0.665,1.785
0.7,1.785
0.735,1.785
0.77,1.785
0.805,1.785
0.84,1.785
0.875,1.785
0.91,1.785
0.945,1.785
0.98,1.785
1.015,1.785
1.05,1.785
1.085,1.785
1.12,1.785
1.155,1.785
1.19,1.785
1.225,1.785
1.26,1.785
1.295,1.785
1.33,1.785
1.365,1.785
1.4,1.785
1.435,1.785
1.47,1.785
1.505,1.785
1.54,1.785
1.575,1.785
1.61,1.785
1.645,1.785
1.68,1.785
1.715,1.785
1.75,1.785
1.785,1.785
1.82,1.785
1.855,1.785
1.89,1.785
1.925,1.785
1.96,1.785
1.995,1.785
2.03,1.785
2.065,1.785
2.1,1.785
2.59,1.785
2.625,1.785
2.66,1.785
2.695,1.785
2.73,1.785
0,1.75
0.035,1.75
0.07,1.75
0.105,1.75
0.14,1.75
0.175,1.75
0.21,1.75
0.245,1.75
0.28,1.75
0.315,1.75
0.35,1.75
0.385,1.75
0.42,1.75
0.455,1.75
0.49,1.75
0.525,1.75
0.56,1.75
0.595,1.75
0.63,1.75
0.665,1.75
0.7,1.75
0.735,1.75
0.77,1.75
0.84,1.75
0.875,1.75
0.91,1.75
0.945,1.75
0.98,1.75
1.015,1.75
1.05,1.75
1.085,1.75
1.12,1.75
1.155,1.75
1.19,1.75
1.225,1.75
1.26,1.75
1.295,1.75
1.33,1.75
1.365,1.75
1.4,1.75
1.435,1.75
1.47,1.75
1.505,1.75
1.54,1.75
1.575,1.75
1.61,1.75
1.645,1.75
1.68,1.75
1.715,1.75
1.75,1.75
1.785,1.75
1.82,1.75
1.855,1.75
1.89,1.75
1.925,1.75
1.96,1.75
1.995,1.75
2.03,1.75
2.065,1.75
2.1,1.75
2.52,1.75
2.555,1.75
2.59,1.75
2.625,1.75
2.66,1.75
2.695,1.75
0,1.715
0.035,1.715
0.07,1.715
0.105,1.715
0.14,1.715
0.175,1.715
0.21,1.715
0.245,1.715
0.28,1.715
0.315,1.715
0.35,1.715
0.385,1.715
0.42,1.715
0.455,1.715
0.49,1.715
0.525,1.715
0.56,1.715
0.595,1.715
0.63,1.715
0.665,1.715
0.7,1.715
0.735,1.715
0.875,1.715
0.91,1.715
0.945,1.715
0.98,1.715
1.015,1.715
1.05,1.715
1.085,1.715
1.12,1.715
1.155,1.715
1.19,1.715
1.225,1.715
1.26,1.715
1.295,1.715
1.33,1.715
1.365,1.715
1.4,1.715
1.435,1.715
1.47,1.715
1.505,1.715
1.54,1.715
1.575,1.715
1.61,1.715
1.645,1.715
1.68,1.715
1.715,1.715
1.75,1.715
1.785,1.715
1.82,1.715
1.855,1.715
1.89,1.715
1.925,1.715
1.96,1.715
1.995,1.715
2.03,1.715
2.065,1.715
2.1,1.715
2.135,1.715
2.485,1.715
2.52,1.715
2.555,1.715
2.59,1.715
2.625,1.715
2.66,1.715
2.695,1.715
0,1.68
0.035,1.68
0.07,1.68
0.105,1.68
0.14,1.68
0.175,1.68
0.21,1.68
0.245,1.68
0.28,1.68
0.315,1.68
0.35,1.68
0.385,1.68
0.42,1.68
0.455,1.68
0.49,1.68
0.525,1.68
0.56,1.68
0.595,1.68
0.63,1.68
0.665,1.68
0.7,1.68
0.91,1.68
0.945,1.68
0.98,1.68
1.015,1.68
1.05,1.68
1.085,1.68
1.12,1.68
1.155,1.68
1.19,1.68
1.225,1.68
1.26,1.68
1.295,1.68
1.33,1.68
1.365,1.68
1.4,1.68
1.435,1.68
1.47,1.68
1.505,1.68
1.54,1.68
1.575,1.68
1.61,1.68
1.645,1.68
1.68,1.68
1.715,1.68
1.75,1.68
1.785,1.68
1.82,1.68
1.855,1.68
1.89,1.68
1.925,1.68
1.96,1.68
1.995,1.68
2.03,1.68
2.065,1.68
2.1,1.68
2.135,1.68
2.17,1.68
2.45,1.68
2.485,1.68
2.52,1.68
2.555,1.68
2.59,1.68
2.625,1.68
2.66,1.68
3.255,1.68
0,1.645
0.035,1.645
0.07,1.645
0.105,1.645
0.14,1.645
0.175,1.645
0.21,1.645
0.245,1.645
0.28,1.645
0.315,1.645
0.35,1.645
0.385,1.645
0.42,1.645
0.455,1.645
0.49,1.645
0.525,1.645
0.56,1.645
0.595,1.645
0.63,1.645
0.665,1.645
0.875,1.645
0.91,1.645
0.945,1.645
0.98,1.645
1.015,1.645
1.05,1.645
1.085,1.645
1.12,1.645
1.155,1.645
1.19,1.645
1.225,1.645
1.26,1.645
1.295,1.645
1.33,1.645
1.365,1.645
1.4,1.645
1.435,1.645
1.47,1.645
1.505,1.645
1.54,1.645
1.575,1.645
1.61,1.645
1.645,1.645
1.68,1.645
1.715,1.645
1.75,1.645
1.785,1.645
1.82,1.645
1.855,1.645
1.89,1.645
1.925,1.645
1.96,1.645
1.995,1.645
2.03,1.645
2.065,1.645
2.1,1.645
2.135,1.645
2.17,1.645
2.205,1.645
2.415,1.645
2.45,1.645
2.485,1.645
2.52,1.645
2.555,1.645
2.59,1.645
2.625,1.645
3.22,1.645
3.255,1.645
0,1.61
0.035,1.61
0.07,1.61
0.105,1.61
0.14,1.61
0.175,1.61
0.21,1.61
0.245,1.61
0.28,1.61
0.315,1.61
0.35,1.61
0.385,1.61
0.42,1.61
0.455,1.61
0.49,1.61
0.525,1.61
0.56,1.61
0.595,1.61
0.63,1.61
0.665,1.61
0.805,1.61
0.84,1.61
0.875,1.61
0.91,1.61
0.945,1.61
0.98,1.61
1.015,1.61
1.05,1.61
1.085,1.61
1.12,1.61
1.155,1.61
1.19,1.61
1.225,1.61
1.26,1.61
1.295,1.61
1.33,1.61
1.365,1.61
1.4,1.61
1.435,1.61
1.47,1.61
1.505,1.61
1.54,1.61
1.575,1.61
1.61,1.61
1.645,1.61
1.68,1.61
1.715,1.61
1.75,1.61
1.785,1.61
1.82,1.61
1.855,1.61
1.89,1.61
1.925,1.61
1.96,1.61
1.995,1.61
2.03,1.61
2.065,1.61
2.1,1.61
2.135,1.61
2.17,1.61
2.205,1.61
2.24,1.61
2.38,1.61
2.415,1.61
2.45,1.61
2.485,1.61
2.52,1.61
2.555,1.61
2.59,1.61
3.15,1.61
3.185,1.61
3.22,1.61
0,1.575
0.035,1.575
0.07,1.575
0.105,1.575
0.14,1.575
0.175,1.575
0.21,1.575
0.245,1.575
0.28,1.575
0.315,1.575
0.35,1.575
0.385,1.575
0.42,1.575
0.455,1.575
0.49,1.575
0.525,1.575
0.56,1.575
0.595,1.575
0.63,1.575
0.77,1.575
0.805,1.575
0.84,1.575
0.875,1.575
0.91,1.575
0.945,1.575
0.98,1.575
1.015,1.575
1.05,1.575
1.085,1.575
1.12,1.575
1.155,1.575
1.19,1.575
1.225,1.575
1.26,1.575
1.295,1.575
1.33,1.575
1.365,1.575
1.4,1.575
1.435,1.575
1.47,1.575
1.505,1.575
1.54,1.575
1.575,1.575
1.61,1.575
1.645,1.575
1.68,1.575
1.715,1.575
1.75,1.575
1.785,1.575
1.82,1.575
1.855,1.575
1.89,1.575
1.925,1.575
1.96,1.575
1.995,1.575
2.03,1.575
2.065,1.575
2.1,1.575
2.135,1.575
2.17,1.575
2.205,1.575
2.24,1.575
2.345,1.575
2.38,1.575
2.415,1.575
2.45,1.575
2.485,1.575
2.52,1.575
2.555,1.575
3.115,1.575
3.15,1.575
3.185,1.575
0,1.54
0.035,1.54
0.07,1.54
0.105,1.54
0.14,1.54
0.175,1.54
0.21,1.54
0.245,1.54
0.28,1.54
0.315,1.54
0.35,1.54
0.385,1.54
0.42,1.54
0.455,1.54
0.49,1.54
0.525,1.54
0.56,1.54
0.595,1.54
0.735,1.54
0.77,1.54
0.805,1.54
0.84,1.54
0.875,1.54
0.91,1.54
0.945,1.54
0.98,1.54
1.015,1.54
1.05,1.54
1.085,1.54
1.12,1.54
1.155,1.54
1.19,1.54
1.225,1.54
1.26,1.54
1.295,1.54
1.33,1.54
1.365,1.54
1.4,1.54
1.435,1.54
1.47,1.54
1.505,1.54
1.54,1.54
1.575,1.54
1.61,1.54
1.645,1.54
1.68,1.54
1.715,1.54
1.75,1.54
1.785,1.54
1.82,1.54
1.855,1.54
1.89,1.54
1.925,1.54
1.96,1.54
1.995,1.54
2.03,1.54
2.065,1.54
2.1,1.54
2.135,1.54
2.17,1.54
2.205,1.54
2.24,1.54
2.275,1.54
2.31,1.54
2.345,1.54
2.38,1.54
2.415,1.54
2.45,1.54
2.485,1.54
2.52,1.54
3.08,1.54
3.115,1.54
3.15,1.54
3.185,1.54
0,1.505
0.035,1.505
0.07,1.505
0.105,1.505
0.14,1.505
0.175,1.505
0.21,1.505
0.245,1.505
0.28,1.505
0.315,1.505
0.35,1.505
0.385,1.505
0.42,1.505
0.455,1.505
0.49,1.505
0.525,1.505
0.56,1.505
0.595,1.505
0.665,1.505
0.7,1.505
0.735,1.505
0.77,1.505
0.805,1.505
0.84,1.505
0.875,1.505
0.91,1.505
0.945,1.505
0.98,1.505
1.015,1.505
1.05,1.505
1.085,1.505
1.12,1.505
1.155,1.505
1.19,1.505
1.225,1.505
1.26,1.505
1.295,1.505
1.33,1.505
1.365,1.505
1.4,1.505
1.435,1.505
1.47,1.505
1.505,1.505
1.54,1.505
1.575,1.505
1.61,1.505
1.645,1.505
1.68,1.505
1.715,1.505
1.75,1.505
1.785,1.505
1.82,1.505
1.855,1.505
1.89,1.505
1.925,1.505
1.96,1.505
1.995,1.505
2.03,1.505
2.065,1.505
2.1,1.505
2.135,1.505
2.17,1.505
2.205,1.505
2.24,1.505
2.275,1.505
2.31,1.505
2.345,1.505
2.38,1.505
2.415,1.505
2.45,1.505
2.485,1.505
2.52,1.505
3.01,1.505
3.045,1.505
3.08,1.505
3.115,1.505
3.15,1.505
0,1.47
0.035,1.47
0.07,1.47
0.105,1.47
0.14,1.47
0.175,1.47
0.21,1.47
0.245,1.47
0.28,1.47
0.315,1.47
0.35,1.47
0.385,1.47
0.42,1.47
0.455,1.47
0.49,1.47
0.525,1.47
0.56,1.47
0.595,1.47
0.63,1.47
0.665,1.47
0.7,1.47
0.735,1.47
0.77,1.47
0.805,1.47
0.84,1.47
0.875,1.47
0.91,1.47
0.945,1.47
0.98,1.47
1.015,1.47
1.05,1.47
1.085,1.47
1.12,1.47
1.155,1.47
1.19,1.47
1.225,1.47
1.26,1.47
1.295,1.47
1.33,1.47
1.365,1.47
1.4,1.47
1.435,1.47
1.47,1.47
1.505,1.47
1.54,1.47
1.575,1.47
1.61,1.47
1.645,1.47
1.68,1.47
1.715,1.47
1.75,1.47
1.785,1.47
1.82,1.47
1.855,1.47
1.89,1.47
1.925,1.47
1.96,1.47
1.995,1.47
2.03,1.47
2.065,1.47
2.1,1.47
2.135,1.47
2.17,1.47
2.205,1.47
2.24,1.47
2.275,1.47
2.31,1.47
2.345,1.47
2.38,1.47
2.415,1.47
2.45,1.47
2.485,1.47
2.975,1.47
3.01,1.47
3.045,1.47
3.08,1.47
3.115,1.47
0,1.435
0.035,1.435
0.07,1.435
0.105,1.435
0.14,1.435
0.175,1.435
0.21,1.435
0.245,1.435
0.28,1.435
0.315,1.435
0.35,1.435
0.385,1.435
0.42,1.435
0.455,1.435
0.49,1.435
0.525,1.435
0.56,1.435
0.595,1.435
0.63,1.435
0.665,1.435
0.7,1.435
0.735,1.435
0.77,1.435
0.805,1.435
0.84,1.435
0.875,1.435
0.91,1.435
0.945,1.435
0.98,1.435
1.015,1.435
1.05,1.435
1.085,1.435
1.12,1.435
1.155,1.435
1.19,1.435
1.225,1.435
1.26,1.435
1.295,1.435
1.33,1.435
1.365,1.435
1.4,1.435
1.435,1.435
1.47,1.435
1.505,1.435
1.54,1.435
1.575,1.435
1.61,1.435
1.645,1.435
1.68,1.435
1.715,1.435
1.75,1.435
1.785,1.435
1.82,1.435
1.855,1.435
1.89,1.435
1.925,1.435
1.96,1.435
1.995,1.435
2.03,1.435
2.065,1.435
2.1,1.435
2.135,1.435
2.17,1.435
2.205,1.435
2.24,1.435
2.275,1.435
2.31,1.435
2.345,1.435
2.38,1.435
2.415,1.435
2.45,1.435
2.94,1.435
2.975,1.435
3.01,1.435
3.045,1.435
3.08,1.435
0,1.4
0.035,1.4
0.07,1.4
0.105,1.4
0.14,1.4
0.175,1.4
0.21,1.4
0.245,1.4
0.28,1.4
0.315,1.4
0.35,1.4
0.385,1.4
0.42,1.4
0.455,1.4
0.49,1.4
0.525,1.4
0.56,1.4
0.595,1.4
0.63,1.4
0.665,1.4
0.7,1.4
0.735,1.4
0.77,1.4
0.805,1.4
0.84,1.4
0.875,1.4
0.91,1.4
0.945,1.4
0.98,1.4
1.015,1.4
1.05,1.4
1.085,1.4
1.12,1.4
1.155,1.4
1.19,1.4
1.225,1.4
1.26,1.4
1.295,1.4
1.33,1.4
1.365,1.4
1.4,1.4
1.435,1.4
1.47,1.4
1.505,1.4
1.54,1.4
1.575,1.4
1.61,1.4
1.645,1.4
1.68,1.4
1.715,1.4
1.75,1.4
1.785,1.4
1.82,1.4
1.855,1.4
1.89,1.4
1.925,1.4
1.96,1.4
1.995,1.4
2.03,1.4
2.065,1.4
2.1,1.4
2.135,1.4
2.17,1.4
2.205,1.4
2.24,1.4
2.275,1.4
2.31,1.4
2.345,1.4
2.38,1.4
2.415,1.4
2.905,1.4
2.94,1.4
2.975,1.4
3.01,1.4
3.045,1.4
3.08,1.4
0,1.365
0.035,1.365
0.07,1.365
0.105,1.365
0.14,1.365
0.175,1.365
0.21,1.365
0.245,1.365
0.28,1.365
0.315,1.365
0.35,1.365
0.385,1.365
0.42,1.365
0.455,1.365
0.49,1.365
0.525,1.365
0.56,1.365
0.595,1.365
0.63,1.365
0.665,1.365
0.7,1.365
0.735,1.365
0.77,1.365
0.805,1.365
0.84,1.365
0.875,1.365
0.91,1.365
0.945,1.365
0.98,1.365
1.015,1.365
1.05,1.365
1.085,1.365
1.19,1.365
1.225,1.365
1.26,1.365
1.295,1.365
1.33,1.365
1.365,1.365
1.4,1.365
1.435,1.365
1.47,1.365
1.505,1.365
1.54,1.365
1.575,1.365
1.61,1.365
1.645,1.365
1.68,1.365
1.715,1.365
1.75,1.365
1.785,1.365
1.82,1.365
1.855,1.365
1.89,1.365
1.925,1.365
1.96,1.365
1.995,1.365
2.03,1.365
2.065,1.365
2.1,1.365
2.135,1.365
2.17,1.365
2.205,1.365
2.24,1.365
2.275,1.365
2.31,1.365
2.345,1.365
2.38,1.365
2.415,1.365
2.835,1.365
2.87,1.365
2.905,1.365
2.94,1.365
2.975,1.365
3.01,1.365
3.045,1.365
0,1.33
0.035,1.33
0.07,1.33
0.105,1.33
0.14,1.33
0.175,1.33
0.21,1.33
0.245,1.33
0.28,1.33
0.315,1.33
0.35,1.33
0.385,1.33
0.42,1.33
0.455,1.33
0.49,1.33
0.525,1.33
0.56,1.33
0.595,1.33
0.63,1.33
0.665,1.33
0.7,1.33
0.735,1.33
0.77,1.33
0.805,1.33
0.84,1.33
0.875,1.33
0.91,1.33
0.945,1.33
0.98,1.33
1.015,1.33
1.05,1.33
1.225,1.33
1.26,1.33
1.295,1.33
1.33,1.33
1.365,1.33
1.4,1.33
1.435,1.33
1.47,1.33
1.505,1.33
1.54,1.33
1.575,1.33
1.61,1.33
1.645,1.33
1.68,1.33
1.715,1.33
1.75,1.33
1.785,1.33
1.82,1.33
1.855,1.33
1.89,1.33
1.925,1.33
1.96,1.33
1.995,1.33
2.03,1.33
2.065,1.33
2.1,1.33
2.135,1.33
2.17,1.33
2.205,1.33
2.24,1.33
2.275,1.33
2.31,1.33
2.345,1.33
2.38,1.33
2.415,1.33
2.45,1.33
2.8,1.33
2.835,1.33
2.87,1.33
2.905,1.33
2.94,1.33
2.975,1.33
3.01,1.33
0,1.295
0.035,1.295
0.07,1.295
0.105,1.295
0.14,1.295
0.175,1.295
0.21,1.295
0.245,1.295
0.28,1.295
0.315,1.295
0.35,1.295
0.385,1.295
0.42,1.295
0.455,1.295
0.49,1.295
0.525,1.295
0.56,1.295
0.595,1.295
0.63,1.295
0.665,1.295
0.7,1.295
0.735,1.295
0.77,1.295
0.805,1.295
0.84,1.295
0.875,1.295
0.91,1.295
0.945,1.295
0.98,1.295
1.015,1.295
1.05,1.295
1.225,1.295
1.26,1.295
1.295,1.295
1.33,1.295
1.365,1.295
1.4,1.295
1.435,1.295
1.47,1.295
1.505,1.295
1.54,1.295
1.575,1.295
1.61,1.295
1.645,1.295
1.68,1.295
1.715,1.295
1.75,1.295
1.785,1.295
1.82,1.295
1.855,1.295
1.89,1.295
1.925,1.295
1.96,1.295
1.995,1.295
2.03,1.295
2.065,1.295
2.1,1.295
2.135,1.295
2.17,1.295
2.205,1.295
2.24,1.295
2.275,1.295
2.31,1.295
2.345,1.295
2.38,1.295
2.415,1.295
2.45,1.295
2.485,1.295
2.765,1.295
2.8,1.295
2.835,1.295
2.87,1.295
2.905,1.295
2.94,1.295
2.975,1.295
0,1.26
0.035,1.26
0.07,1.26
0.105,1.26
0.14,1.26
0.175,1.26
0.21,1.26
0.245,1.26
0.28,1.26
0.315,1.26
0.35,1.26
0.385,1.26
0.42,1.26
0.455,1.26
0.49,1.26
0.525,1.26
0.56,1.26
0.595,1.26
0.63,1.26
0.665,1.26
0.7,1.26
0.735,1.26
0.77,1.26
0.805,1.26
0.84,1.26
0.875,1.26
0.91,1.26
0.945,1.26
0.98,1.26
1.015,1.26
1.19,1.26
1.225,1.26
1.26,1.26
1.295,1.26
1.33,1.26
1.365,1.26
1.4,1.26
1.435,1.26
1.47,1.26
1.505,1.26
1.54,1.26
1.575,1.26
1.61,1.26
1.645,1.26
1.68,1.26
1.715,1.26
1.75,1.26
1.785,1.26
1.82,1.26
1.855,1.26
1.89,1.26
1.925,1.26
1.96,1.26
1.995,1.26
2.03,1.26
2.065,1.26
2.1,1.26
2.135,1.26
2.17,1.26
2.205,1.26
2.24,1.26
2.275,1.26
2.31,1.26
2.345,1.26
2.38,1.26
2.415,1.26
2.45,1.26
2.485,1.26
2.52,1.26
2.73,1.26
2.765,1.26
2.8,1.26
2.835,1.26
2.87,1.26
2.905,1.26
2.94,1.26
0,1.225
0.035,1.225
0.07,1.225
0.105,1.225
0.14,1.225
0.175,1.225
0.21,1.225
0.245,1.225
0.28,1.225
0.315,1.225
0.35,1.225
0.385,1.225
0.42,1.225
0.455,1.225
0.49,1.225
0.525,1.225
0.56,1.225
0.595,1.225
0.63,1.225
0.665,1.225
0.7,1.225
0.735,1.225
0.77,1.225
0.805,1.225
0.84,1.225
0.875,1.225
0.91,1.225
0.945,1.225
0.98,1.225
1.12,1.225
1.155,1.225
1.19,1.225
1.225,1.225
1.26,1.225
1.295,1.225
1.33,1.225
1.365,1.225
1.4,1.225
1.435,1.225
1.47,1.225
1.505,1.225
1.54,1.225
1.575,1.225
1.61,1.225
1.645,1.225
1.68,1.225
1.715,1.225
1.75,1.225
1.785,1.225
1.82,1.225
1.855,1.225
1.89,1.225
1.925,1.225
1.96,1.225
1.995,1.225
2.03,1.225
2.065,1.225
2.1,1.225
2.135,1.225
2.17,1.225
2.205,1.225
2.24,1.225
2.275,1.225
2.31,1.225
2.345,1.225
2.38,1.225
2.415,1.225
2.45,1.225
2.485,1.225
2.52,1.225
2.555,1.225
2.695,1.225
2.73,1.225
2.765,1.225
2.8,1.225
2.835,1.225
2.87,1.225
2.905,1.225
2.94,1.225
3.465,1.225
0,1.19
0.035,1.19
0.07,1.19
0.105,1.19
0.14,1.19
0.175,1.19
0.21,1.19
0.245,1.19
0.28,1.19
0.315,1.19
0.35,1.19
0.385,1.19
0.42,1.19
0.455,1.19
0.49,1.19
0.525,1.19
0.56,1.19
0.595,1.19
0.63,1.19
0.665,1.19
0.7,1.19
0.735,1.19
0.77,1.19
0.805,1.19
0.84,1.19
0.875,1.19
0.91,1.19
0.945,1.19
0.98,1.19
1.085,1.19
1.12,1.19
1.155,1.19
1.19,1.19
1.225,1.19
1.26,1.19
1.295,1.19
1.33,1.19
1.365,1.19
1.4,1.19
1.435,1.19
1.47,1.19
1.505,1.19
1.54,1.19
1.575,1.19
1.61,1.19
1.645,1.19
1.68,1.19
1.715,1.19
1.75,1.19
1.785,1.19
1.82,1.19
1.855,1.19
1.89,1.19
1.925,1.19
1.96,1.19
1.995,1.19
2.03,1.19
2.065,1.19
2.1,1.19
2.135,1.19
2.17,1.19
2.205,1.19
2.24,1.19
2.275,1.19
2.31,1.19
2.345,1.19
2.38,1.19
2.415,1.19
2.45,1.19
2.485,1.19
2.52,1.19
2.555,1.19
2.66,1.19
2.695,1.19
2.73,1.19
2.765,1.19
2.8,1.19
2.835,1.19
2.87,1.19
2.905,1.19
3.43,1.19
3.465,1.19
0,1.155
0.035,1.155
0.07,1.155
0.105,1.155
0.14,1.155
0.175,1.155
0.21,1.155
0.245,1.155
0.28,1.155
0.315,1.155
0.35,1.155
0.385,1.155
0.42,1.155
0.455,1.155
0.49,1.155
0.525,1.155
0.56,1.155
0.595,1.155
0.63,1.155
0.665,1.155
0.7,1.155
0.735,1.155
0.77,1.155
0.805,1.155
0.84,1.155
0.875,1.155
0.91,1.155
0.945,1.155
1.015,1.155
1.05,1.155
1.085,1.155
1.12,1.155
1.155,1.155
1.19,1.155
1.225,1.155
1.26,1.155
1.295,1.155
1.33,1.155
1.365,1.155
1.4,1.155
1.435,1.155
1.47,1.155
1.505,1.155
1.54,1.155
1.575,1.155
1.61,1.155
1.645,1.155
1.68,1.155
1.715,1.155
1.75,1.155
1.785,1.155
1.82,1.155
1.855,1.155
1.89,1.155
1.925,1.155
1.96,1.155
1.995,1.155
2.03,1.155
2.065,1.155
2.1,1.155
2.135,1.155
2.17,1.155
2.205,1.155
2.24,1.155
2.275,1.155
2.31,1.155
2.345,1.155
2.38,1.155
2.415,1.155
2.45,1.155
2.485,1.155
2.52,1.155
2.555,1.155
2.59,1.155
2.625,1.155
2.66,1.155
2.695,1.155
2.73,1.155
2.765,1.155
2.8,1.155
2.835,1.155
2.87,1.155
3.395,1.155
3.43,1.155
3.465,1.155
0,1.12
0.035,1.12
0.07,1.12
0.105,1.12
0.14,1.12
0.175,1.12
0.21,1.12
0.245,1.12
0.28,1.12
0.315,1.12
0.35,1.12
0.385,1.12
0.42,1.12
0.455,1.12
0.49,1.12
0.525,1.12
0.56,1.12
0.595,1.12
0.63,1.12
0.665,1.12
0.7,1.12
0.735,1.12
0.77,1.12
0.805,1.12
0.84,1.12
0.875,1.12
0.91,1.12
0.945,1.12
0.98,1.12
1.015,1.12
1.05,1.12
1.085,1.12
1.12,1.12
1.155,1.12
1.19,1.12
1.225,1.12
1.26,1.12
1.295,1.12
1.33,1.12
1.365,1.12
1.4,1.12
1.435,1.12
1.47,1.12
1.505,1.12
1.54,1.12
1.575,1.12
1.61,1.12
1.645,1.12
1.68,1.12
1.715,1.12
1.75,1.12
1.785,1.12
1.82,1.12
1.855,1.12
1.89,1.12
1.925,1.12
1.96,1.12
1.995,1.12
2.03,1.12
2.065,1.12
2.1,1.12
2.135,1.12
2.17,1.12
2.205,1.12
2.24,1.12
2.275,1.12
2.31,1.12
2.345,1.12
2.38,1.12
2.415,1.12
2.45,1.12
2.485,1.12
2.52,1.12
2.555,1.12
2.59,1.12
2.625,1.12
2.66,1.12
2.695,1.12
2.73,1.12
2.765,1.12
2.8,1.12
2.835,1.12
3.325,1.12
3.36,1.12
3.395,1.12
3.43,1.12
3.465,1.12
0,1.085
0.035,1.085
0.07,1.085
0.105,1.085
0.14,1.085
0.175,1.085
0.21,1.085
0.245,1.085
0.28,1.085
0.315,1.085
0.35,1.085
0.385,1.085
0.42,1.085
0.455,1.085
0.49,1.085
0.525,1.085
0.56,1.085
0.595,1.085
0.63,1.085
0.665,1.085
0.7,1.085
0.735,1.085
0.77,1.085
0.805,1.085
0.84,1.085
0.875,1.085
0.91,1.085
0.945,1.085
0.98,1.085
1.015,1.085
1.05,1.085
1.085,1.085
1.12,1.085
1.155,1.085
1.19,1.085
1.225,1.085
1.26,1.085
1.295,1.085
1.33,1.085
1.365,1.085
1.4,1.085
1.435,1.085
1.47,1.085
1.505,1.085
1.54,1.085
1.575,1.085
1.61,1.085
1.645,1.085
1.68,1.085
1.715,1.085
1.75,1.085
1.785,1.085
1.82,1.085
1.855,1.085
1.89,1.085
1.925,1.085
1.96,1.085
1.995,1.085
2.03,1.085
2.065,1.085
2.1,1.085
2.135,1.085
2.17,1.085
2.205,1.085
2.24,1.085
2.275,1.085
2.31,1.085
2.345,1.085
2.38,1.085
2.415,1.085
2.45,1.085
2.485,1.085
2.52,1.085
2.555,1.085
2.59,1.085
2.625,1.085
2.66,1.085
2.695,1.085
2.73,1.085
2.765,1.085
2.8,1.085
3.29,1.085
3.325,1.085
3.36,1.085
3.395,1.085
3.43,1.085
3.465,1.085
0,1.05
0.035,1.05
0.07,1.05
0.105,1.05
0.14,1.05
0.175,1.05
0.21,1.05
0.245,1.05
0.28,1.05
0.315,1.05
0.35,1.05
0.385,1.05
0.42,1.05
0.455,1.05
0.49,1.05
0.525,1.05
0.56,1.05
0.595,1.05
0.63,1.05
0.665,1.05
0.7,1.05
0.735,1.05
0.77,1.05
0.805,1.05
0.84,1.05
0.875,1.05
0.91,1.05
0.945,1.05
0.98,1.05
1.015,1.05
1.05,1.05
1.085,1.05
1.12,1.05
1.155,1.05
1.19,1.05
1.225,1.05
1.26,1.05
1.295,1.05
1.33,1.05
1.365,1.05
1.4,1.05
1.435,1.05
1.47,1.05
1.505,1.05
1.54,1.05
1.575,1.05
1.61,1.05
1.645,1.05
1.68,1.05
1.715,1.05
1.75,1.05
1.785,1.05
1.82,1.05
1.855,1.05
1.89,1.05
1.925,1.05
1.96,1.05
1.995,1.05
2.03,1.05
2.065,1.05
2.1,1.05
2.135,1.05
2.17,1.05
2.205,1.05
2.24,1.05
2.275,1.05
2.31,1.05
2.345,1.05
2.38,1.05
2.415,1.05
2.45,1.05
2.485,1.05
2.52,1.05
2.555,1.05
2.59,1.05
2.625,1.05
2.66,1.05
2.695,1.05
2.73,1.05
2.765,1.05
3.255,1.05
3.29,1.05
3.325,1.05
3.36,1.05
3.395,1.05
3.43,1.05
0,1.015
0.035,1.015
0.07,1.015
0.105,1.015
0.14,1.015
0.175,1.015
0.21,1.015
0.245,1.015
0.28,1.015
0.315,1.015
0.35,1.015
0.385,1.015
0.42,1.015
0.455,1.015
0.49,1.015
0.525,1.015
0.56,1.015
0.595,1.015
0.63,1.015
0.665,1.015
0.7,1.015
0.735,1.015
0.77,1.015
0.805,1.015
0.84,1.015
0.875,1.015
0.91,1.015
0.945,1.015
0.98,1.015
1.015,1.015
1.05,1.015
1.085,1.015
1.12,1.015
1.155,1.015
1.19,1.015
1.225,1.015
1.26,1.015
1.295,1.015
1.33,1.015
1.365,1.015
1.4,1.015
1.435,1.015
1.54,1.015
1.575,1.015
1.61,1.015
1.645,1.015
1.68,1.015
1.715,1.015
1.75,1.015
1.785,1.015
1.82,1.015
1.855,1.015
1.89,1.015
1.925,1.015
1.96,1.015
1.995,1.015
2.03,1.015
2.065,1.015
2.1,1.015
2.135,1.015
2.17,1.015
2.205,1.015
2.24,1.015
2.275,1.015
2.31,1.015
2.345,1.015
2.38,1.015
2.415,1.015
2.45,1.015
2.485,1.015
2.52,1.015
2.555,1.015
2.59,1.015
2.625,1.015
2.66,1.015
2.695,1.015
2.73,1.015
3.22,1.015
3.255,1.015
3.29,1.015
3.325,1.015
3.36,1.015
3.395,1.015
0,0.98
0.035,0.98
0.07,0.98
0.105,0.98
0.14,0.98
0.175,0.98
0.21,0.98
0.245,0.98
0.28,0.98
0.315,0.98
0.35,0.98
0.385,0.98
0.42,0.98
0.455,0.98
0.49,0.98
0.525,0.98
0.56,0.98
0.595,0.98
0.63,0.98
0.665,0.98
0.7,0.98
0.735,0.98
0.77,0.98
0.805,0.98
0.84,0.98
0.875,0.98
0.91,0.98
0.945,0.98
0.98,0.98
1.015,0.98
1.05,0.98
1.085,0.98
1.12,0.98
1.155,0.98
1.19,0.98
1.225,0.98
1.26,0.98
1.295,0.98
1.33,0.98
1.365,0.98
1.4,0.98
1.435,0.98
1.575,0.98
1.61,0.98
1.645,0.98
1.68,0.98
1.715,0.98
1.75,0.98
1.785,0.98
1.82,0.98
1.855,0.98
1.89,0.98
1.925,0.98
1.96,0.98
1.995,0.98
2.03,0.98
2.065,0.98
2.1,0.98
2.135,0.98
2.17,0.98
2.205,0.98
2.24,0.98
2.275,0.98
2.31,0.98
2.345,0.98
2.38,0.98
2.415,0.98
2.45,0.98
2.485,0.98
2.52,0.98
2.555,0.98
2.59,0.98
2.625,0.98
2.66,0.98
2.695,0.98
2.73,0.98
3.185,0.98
3.22,0.98
3.255,0.98
3.29,0.98
3.325,0.98
3.36,0.98
0,0.945
0.035,0.945
0.07,0.945
0.105,0.945
0.14,0.945
0.175,0.945
0.21,0.945
0.245,0.945
0.28,0.945
0.315,0.945
0.35,0.945
0.385,0.945
0.42,0.945
0.455,0.945
0.49,0.945
0.525,0.945
0.56,0.945
0.595,0.945
0.63,0.945
0.665,0.945
0.7,0.945
0.735,0.945
0.77,0.945
0.805,0.945
0.84,0.945
0.875,0.945
0.91,0.945
0.945,0.945
0.98,0.945
1.015,0.945
1.05,0.945
1.085,0.945
1.12,0.945
1.155,0.945
1.19,0.945
1.225,0.945
1.26,0.945
1.295,0.945
1.33,0.945
1.365,0.945
1.4,0.945
1.575,0.945
1.61,0.945
1.645,0.945
1.68,0.945
1.715,0.945
1.75,0.945
1.785,0.945
1.82,0.945
1.855,0.945
1.89,0.945
1.925,0.945
1.96,0.945
1.995,0.945
2.03,0.945
2.065,0.945
2.1,0.945
2.135,0.945
2.17,0.945
2.205,0.945
2.24,0.945
2.275,0.945
2.31,0.945
2.345,0.945
2.38,0.945
2.415,0.945
2.45,0.945
2.485,0.945
2.52,0.945
2.555,0.945
2.59,0.945
2.625,0.945
2.66,0.945
2.695,0.945
2.73,0.945
3.115,0.945
3.15,0.945
3.185,0.945
3.22,0.945
3.255,0.945
3.29,0.945
3.325,0.945
0,0.91
0.035,0.91
0.07,0.91
0.105,0.91
0.14,0.91
0.175,0.91
0.21,0.91
0.245,0.91
0.28,0.91
0.315,0.91
0.35,0.91
0.385,0.91
0.42,0.91
0.455,0.91
0.49,0.91
0.525,0.91
0.56,0.91
0.595,0.91
0.63,0.91
0.665,0.91
0.7,0.91
0.735,0.91
0.77,0.91
0.805,0.91
0.84,0.91
0.875,0.91
0.91,0.91
0.945,0.91
0.98,0.91
1.015,0.91
1.05,0.91
1.085,0.91
1.12,0.91
1.155,0.91
1.19,0.91
1.225,0.91
1.26,0.91
1.295,0.91
1.33,0.91
1.365,0.91
1.54,0.91
1.575,0.91
1.61,0.91
1.645,0.91
1.68,0.91
1.715,0.91
1.75,0.91
1.785,0.91
1.82,0.91
1.855,0.91
1.89,0.91
1.925,0.91
1.96,0.91
1.995,0.91
2.03,0.91
2.065,0.91
2.1,0.91
2.135,0.91
2.17,0.91
2.205,0.91
2.24,0.91
2.275,0.91
2.31,0.91
2.345,0.91
2.38,0.91
2.415,0.91
2.45,0.91
2.485,0.91
2.52,0.91
2.555,0.91
2.59,0.91
2.625,0.91
2.66,0.91
2.695,0.91
2.73,0.91
2.765,0.91
3.08,0.91
3.115,0.91
3.15,0.91
3.185,0.91
3.22,0.91
3.255,0.91
3.29,0.91
3.325,0.91
0,0.875
0.035,0.875
0.07,0.875
0.105,0.875
0.14,0.875
0.175,0.875
0.21,0.875
0.245,0.875
0.28,0.875
0.315,0.875
0.35,0.875
0.385,0.875
0.42,0.875
0.455,0.875
0.49,0.875
0.525,0.875
0.56,0.875
0.595,0.875
0.63,0.875
0.665,0.875
0.7,0.875
0.735,0.875
0.77,0.875
0.805,0.875
0.84,0.875
0.875,0.875
0.91,0.875
0.945,0.875
0.98,0.875
1.015,0.875
1.05,0.875
1.085,0.875
1.12,0.875
1.155,0.875
1.19,0.875
1.225,0.875
1.26,0.875
1.295,0.875
1.33,0.875
1.47,0.875
1.505,0.875
1.54,0.875
1.575,0.875
1.61,0.875
1.645,0.875
1.68,0.875
1.715,0.875
1.75,0.875
1.785,0.875
1.82,0.875
1.855,0.875
1.89,0.875
1.925,0.875
1.96,0.875
1.995,0.875
2.03,0.875
2.065,0.875
2.1,0.875
2.135,0.875
2.17,0.875
2.205,0.875
2.24,0.875
2.275,0.875
2.31,0.875
2.345,0.875
2.38,0.875
2.415,0.875
2.45,0.875
2.485,0.875
2.52,0.875
2.555,0.875
2.59,0.875
2.625,0.875
2.66,0.875
2.695,0.875
2.73,0.875
2.765,0.875
3.045,0.875
3.08,0.875
3.115,0.875
3.15,0.875
3.185,0.875
3.22,0.875
3.255,0.875
3.29,0.875
0,0.84
0.035,0.84
0.07,0.84
0.105,0.84
0.14,0.84
0.175,0.84
0.21,0.84
0.245,0.84
0.28,0.84
0.315,0.84
0.35,0.84
0.385,0.84
0.42,0.84
0.455,0.84
0.49,0.84
0.525,0.84
0.56,0.84
0.595,0.84
0.63,0.84
0.665,0.84
0.7,0.84
0.735,0.84
0.77,0.84
0.805,0.84
0.84,0.84
0.875,0.84
0.91,0.84
0.945,0.84
0.98,0.84
1.015,0.84
1.05,0.84
1.085,0.84
1.12,0.84
1.155,0.84
1.19,0.84
1.225,0.84
1.26,0.84
1.295,0.84
1.33,0.84
1.435,0.84
1.47,0.84
1.505,0.84
1.54,0.84
1.575,0.84
1.61,0.84
1.645,0.84
1.68,0.84
1.715,0.84
1.75,0.84
1.785,0.84
1.82,0.84
1.855,0.84
1.89,0.84
1.925,0.84
1.96,0.84
1.995,0.84
2.03,0.84
2.065,0.84
2.1,0.84
2.135,0.84
2.17,0.84
2.205,0.84
2.24,0.84
2.275,0.84
2.31,0.84
2.345,0.84
2.38,0.84
2.415,0.84
2.45,0.84
2.485,0.84
2.52,0.84
2.555,0.84
2.59,0.84
2.625,0.84
2.66,0.84
2.695,0.84
2.73,0.84
2.765,0.84
2.8,0.84
3.01,0.84
3.045,0.84
3.08,0.84
3.115,0.84
3.15,0.84
3.185,0.84
3.22,0.84
3.255,0.84
0,0.805
0.035,0.805
0.07,0.805
0.105,0.805
0.14,0.805
0.175,0.805
0.21,0.805
0.245,0.805
0.28,0.805
0.315,0.805
0.35,0.805
0.385,0.805
0.42,0.805
0.455,0.805
0.49,0.805
0.525,0.805
0.56,0.805
0.595,0.805
0.63,0.805
0.665,0.805
0.7,0.805
0.735,0.805
0.77,0.805
0.805,0.805
0.84,0.805
0.875,0.805
0.91,0.805
0.945,0.805
0.98,0.805
1.015,0.805
1.05,0.805
1.085,0.805
1.12,0.805
1.155,0.805
1.19,0.805
1.225,0.805
1.26,0.805
1.295,0.805
1.365,0.805
1.4,0.805
1.435,0.805
1.47,0.805
1.505,0.805
1.54,0.805
1.575,0.805
1.61,0.805
1.645,0.805
1.68,0.805
1.715,0.805
1.75,0.805
1.785,0.805
1.82,0.805
1.855,0.805
1.89,0.805
1.925,0.805
1.96,0.805
1.995,0.805
2.03,0.805
2.065,0.805
2.1,0.805
2.135,0.805
2.17,0.805
2.205,0.805
2.24,0.805
2.275,0.805
2.31,0.805
2.345,0.805
2.38,0.805
2.415,0.805
2.45,0.805
2.485,0.805
2.52,0.805
2.555,0.805
2.59,0.805
2.625,0.805
2.66,0.805
2.695,0.805
2.73,0.805
2.765,0.805
2.8,0.805
2.975,0.805
3.01,0.805
3.045,0.805
3.08,0.805
3.115,0.805
3.15,0.805
3.185,0.805
3.22,0.805
0,0.77
0.035,0.77
0.07,0.77
0.105,0.77
0.14,0.77
0.175,0.77
0.21,0.77
0.245,0.77
0.28,0.77
0.315,0.77
0.35,0.77
0.385,0.77
0.42,0.77
0.455,0.77
0.49,0.77
0.525,0.77
0.56,0.77
0.595,0.77
0.63,0.77
0.665,0.77
0.7,0.77
0.735,0.77
0.77,0.77
0.805,0.77
0.84,0.77
0.875,0.77
0.91,0.77
0.945,0.77
0.98,0.77
1.015,0.77
1.05,0.77
1.085,0.77
1.12,0.77
1.155,0.77
1.19,0.77
1.225,0.77
1.26,0.77
1.295,0.77
1.33,0.77
1.365,0.77
1.4,0.77
1.435,0.77
1.47,0.77
1.505,0.77
1.54,0.77
1.575,0.77
1.61,0.77
1.645,0.77
1.68,0.77
1.715,0.77
1.75,0.77
1.785,0.77
1.82,0.77
1.855,0.77
1.89,0.77
1.925,0.77
1.96,0.77
1.995,0.77
2.03,0.77
2.065,0.77
2.1,0.77
2.135,0.77
2.17,0.77
2.205,0.77
2.24,0.77
2.275,0.77
2.31,0.77
2.345,0.77
2.38,0.77
2.415,0.77
2.45,0.77
2.485,0.77
2.52,0.77
2.555,0.77
2.59,0.77
2.625,0.77
2.66,0.77
2.695,0.77
2.73,0.77
2.765,0.77
2.8,0.77
2.835,0.77
2.905,0.77
2.94,0.77
2.975,0.77
3.01,0.77
3.045,0.77
3.08,0.77
3.115,0.77
3.15,0.77
3.185,0.77
0,0.735
0.035,0.735
0.07,0.735
0.105,0.735
0.14,0.735
0.175,0.735
0.21,0.735
0.245,0.735
0.28,0.735
0.315,0.735
0.35,0.735
0.385,0.735
0.42,0.735
0.455,0.735
0.49,0.735
0.525,0.735
0.56,0.735
0.595,0.735
0.63,0.735
0.665,0.735
0.7,0.735
0.735,0.735
0.77,0.735
0.805,0.735
0.84,0.735
0.875,0.735
0.91,0.735
0.945,0.735
0.98,0.735
1.015,0.735
1.05,0.735
1.085,0.735
1.12,0.735
1.155,0.735
1.19,0.735
1.225,0.735
1.26,0.735
1.295,0.735
1.33,0.735
1.365,0.735
1.4,0.735
1.435,0.735
1.47,0.735
1.505,0.735
1.54,0.735
1.575,0.735
1.61,0.735
1.645,0.735
1.68,0.735
1.715,0.735
1.75,0.735
1.785,0.735
1.82,0.735
1.855,0.735
1.89,0.735
1.925,0.735
1.96,0.735
1.995,0.735
2.03,0.735
2.065,0.735
2.1,0.735
2.135,0.735
2.17,0.735
2.205,0.735
2.24,0.735
2.275,0.735
2.31,0.735
2.345,0.735
2.38,0.735
2.415,0.735
2.45,0.735
2.485,0.735
2.52,0.735
2.555,0.735
2.59,0.735
2.625,0.735
2.66,0.735
2.695,0.735
2.73,0.735
2.765,0.735
2.8,0.735
2.835,0.735
2.87,0.735
2.905,0.735
2.94,0.735
2.975,0.735
3.01,0.735
3.045,0.735
3.08,0.735
3.115,0.735
3.15,0.735
0,0.7
0.035,0.7
0.07,0.7
0.105,0.7
0.14,0.7
0.175,0.7
0.21,0.7
0.245,0.7
0.28,0.7
0.315,0.7
0.35,0.7
0.385,0.7
0.42,0.7
0.455,0.7
0.49,0.7
0.525,0.7
0.56,0.7
0.595,0.7
0.63,0.7
0.665,0.7
0.7,0.7
0.735,0.7
0.77,0.7
0.805,0.7
0.84,0.7
0.875,0.7
0.91,0.7
0.945,0.7
0.98,0.7
1.015,0.7
1.05,0.7
1.085,0.7
1.12,0.7
1.155,0.7
1.19,0.7
1.225,0.7
1.26,0.7
1.295,0.7
1.33,0.7
1.365,0.7
1.4,0.7
1.435,0.7
1.47,0.7
1.505,0.7
1.54,0.7
1.575,0.7
1.61,0.7
1.645,0.7
1.68,0.7
1.715,0.7
1.75,0.7
1.785,0.7
1.82,0.7
1.925,0.7
1.96,0.7
1.995,0.7
2.03,0.7
2.065,0.7
2.1,0.7
2.135,0.7
2.17,0.7
2.205,0.7
2.24,0.7
2.275,0.7
2.31,0.7
2.345,0.7
2.38,0.7
2.415,0.7
2.45,0.7
2.485,0.7
2.52,0.7
2.555,0.7
2.59,0.7
2.625,0.7
2.66,0.7
2.695,0.7
2.73,0.7
2.765,0.7
2.8,0.7
2.835,0.7
2.87,0.7
2.905,0.7
2.94,0.7
2.975,0.7
3.01,0.7
3.045,0.7
3.08,0.7
3.115,0.7
0,0.665
0.035,0.665
0.07,0.665
0.105,0.665
0.14,0.665
0.175,0.665
0.21,0.665
0.245,0.665
0.28,0.665
0.315,0.665
0.35,0.665
0.385,0.665
0.42,0.665
0.455,0.665
0.49,0.665
0.525,0.665
0.56,0.665
0.595,0.665
0.63,0.665
0.665,0.665
0.7,0.665
0.735,0.665
0.77,0.665
0.805,0.665
0.84,0.665
0.875,0.665
0.91,0.665
0.945,0.665
0.98,0.665
1.015,0.665
1.05,0.665
1.085,0.665
1.12,0.665
1.155,0.665
1.19,0.665
1.225,0.665
1.26,0.665
1.295,0.665
1.33,0.665
1.365,0.665
1.4,0.665
1.435,0.665
1.47,0.665
1.505,0.665
1.54,0.665
1.575,0.665
1.61,0.665
1.645,0.665
1.68,0.665
1.715,0.665
1.75,0.665
1.785,0.665
1.96,0.665
1.995,0.665
2.03,0.665
2.065,0.665
2.1,0.665
2.135,0.665
2.17,0.665
2.205,0.665
2.24,0.665
2.275,0.665
2.31,0.665
2.345,0.665
2.38,0.665
2.415,0.665
2.45,0.665
2.485,0.665
2.52,0.665
2.555,0.665
2.59,0.665
2.625,0.665
2.66,0.665
2.695,0.665
2.73,0.665
2.765,0.665
2.8,0.665
2.835,0.665
2.87,0.665
2.905,0.665
2.94,0.665
2.975,0.665
3.01,0.665
3.045,0.665
3.08,0.665
3.115,0.665
0,0.63
0.035,0.63
0.07,0.63
0.105,0.63
0.14,0.63
0.175,0.63
0.21,0.63
0.245,0.63
0.28,0.63
0.315,0.63
0.35,0.63
0.385,0.63
0.42,0.63
0.455,0.63
0.49,0.63
0.525,0.63
0.56,0.63
0.595,0.63
0.63,0.63
0.665,0.63
0.7,0.63
0.735,0.63
0.77,0.63
0.805,0.63
0.84,0.63
0.875,0.63
0.91,0.63
0.945,0.63
0.98,0.63
1.015,0.63
1.05,0.63
1.085,0.63
1.12,0.63
1.155,0.63
1.19,0.63
1.225,0.63
1.26,0.63
1.295,0.63
1.33,0.63
1.365,0.63
1.4,0.63
1.435,0.63
1.47,0.63
1.505,0.63
1.54,0.63
1.575,0.63
1.61,0.63
1.645,0.63
1.68,0.63
1.715,0.63
1.75,0.63
1.785,0.63
1.995,0.63
2.03,0.63
2.065,0.63
2.1,0.63
2.135,0.63
2.17,0.63
2.205,0.63
2.24,0.63
2.275,0.63
2.31,0.63
2.345,0.63
2.38,0.63
2.415,0.63
2.45,0.63
2.485,0.63
2.52,0.63
2.555,0.63
2.59,0.63
2.625,0.63
2.66,0.63
2.695,0.63
2.73,0.63
2.765,0.63
2.8,0.63
2.835,0.63
2.87,0.63
2.905,0.63
2.94,0.63
2.975,0.63
3.01,0.63
3.045,0.63
3.08,0.63
0,0.595
0.035,0.595
0.07,0.595
0.105,0.595
0.14,0.595
0.175,0.595
0.21,0.595
0.245,0.595
0.28,0.595
0.315,0.595
0.35,0.595
0.385,0.595
0.42,0.595
0.455,0.595
0.49,0.595
0.525,0.595
0.56,0.595
0.595,0.595
0.63,0.595
0.665,0.595
0.7,0.595
0.735,0.595
0.77,0.595
0.805,0.595
0.84,0.595
0.875,0.595
0.91,0.595
0.945,0.595
0.98,0.595
1.015,0.595
1.05,0.595
1.085,0.595
1.12,0.595
1.155,0.595
1.19,0.595
1.225,0.595
1.26,0.595
1.295,0.595
1.33,0.595
1.365,0.595
1.4,0.595
1.435,0.595
1.47,0.595
1.505,0.595
1.54,0.595
1.575,0.595
1.61,0.595
1.645,0.595
1.68,0.595
1.715,0.595
1.75,0.595
1.925,0.595
1.96,0.595
1.995,0.595
2.03,0.595
2.065,0.595
2.1,0.595
2.135,0.595
2.17,0.595
2.205,0.595
2.24,0.595
2.275,0.595
2.31,0.595
2.345,0.595
2.38,0.595
2.415,0.595
2.45,0.595
2.485,0.595
2.52,0.595
2.555,0.595
2.59,0.595
2.625,0.595
2.66,0.595
2.695,0.595
2.73,0.595
2.765,0.595
2.8,0.595
2.835,0.595
2.87,0.595
2.905,0.595
2.94,0.595
2.975,0.595
3.01,0.595
3.045,0.595
0,0.56
0.035,0.56
0.07,0.56
0.105,0.56
0.14,0.56
0.175,0.56
0.21,0.56
0.245,0.56
0.28,0.56
0.315,0.56
0.35,0.56
0.385,0.56
0.42,0.56
0.455,0.56
0.49,0.56
0.525,0.56
0.56,0.56
0.595,0.56
0.63,0.56
0.665,0.56
0.7,0.56
0.735,0.56
0.77,0.56
0.805,0.56
0.84,0.56
0.875,0.56
0.91,0.56
0.945,0.56
0.98,0.56
1.015,0.56
1.05,0.56
1.085,0.56
1.12,0.56
1.155,0.56
1.19,0.56
1.225,0.56
1.26,0.56
1.295,0.56
1.33,0.56
1.365,0.56
1.4,0.56
1.435,0.56
1.47,0.56
1.505,0.56
1.54,0.56
1.575,0.56
1.61,0.56
1.645,0.56
1.68,0.56
1.715,0.56
1.89,0.56
1.925,0.56
1.96,0.56
1.995,0.56
2.03,0.56
2.065,0.56
2.1,0.56
2.135,0.56
2.17,0.56
2.205,0.56
2.24,0.56
2.275,0.56
2.31,0.56
2.345,0.56
2.38,0.56
2.415,0.56
2.45,0.56
2.485,0.56
2.52,0.56
2.555,0.56
2.59,0.56
2.625,0.56
2.66,0.56
2.695,0.56
2.73,0.56
2.765,0.56
2.8,0.56
2.835,0.56
2.87,0.56
2.905,0.56
2.94,0.56
2.975,0.56
3.01,0.56
3.43,0.56
3.465,0.56
0,0.525
0.035,0.525
0.07,0.525
0.105,0.525
0.14,0.525
0.175,0.525
0.21,0.525
0.245,0.525
0.28,0.525
0.315,0.525
0.35,0.525
0.385,0.525
0.42,0.525
0.455,0.525
0.49,0.525
0.525,0.525
0.56,0.525
0.595,0.525
0.63,0.525
0.665,0.525
0.7,0.525
0.735,0.525
0.77,0.525
0.805,0.525
0.84,0.525
0.875,0.525
0.91,0.525
0.945,0.525
0.98,0.525
1.015,0.525
1.05,0.525
1.085,0.525
1.12,0.525
1.155,0.525
1.19,0.525
1.225,0.525
1.26,0.525
1.295,0.525
1.33,0.525
1.365,0.525
1.4,0.525
1.435,0.525
1.47,0.525
1.505,0.525
1.54,0.525
1.575,0.525
1.61,0.525
1.645,0.525
1.68,0.525
1.715,0.525
1.855,0.525
1.89,0.525
1.925,0.525
1.96,0.525
1.995,0.525
2.03,0.525
2.065,0.525
2.1,0.525
2.135,0.525
2.17,0.525
2.205,0.525
2.24,0.525
2.275,0.525
2.31,0.525
2.345,0.525
2.38,0.525
2.415,0.525
2.45,0.525
2.485,0.525
2.52,0.525
2.555,0.525
2.59,0.525
2.625,0.525
2.66,0.525
2.695,0.525
2.73,0.525
2.765,0.525
2.8,0.525
2.835,0.525
2.87,0.525
2.905,0.525
2.94,0.525
2.975,0.525
3.395,0.525
3.43,0.525
3.465,0.525
0,0.49
0.035,0.49
0.07,0.49
0.105,0.49
0.14,0.49
0.175,0.49
0.21,0.49
0.245,0.49
0.28,0.49
0.315,0.49
0.35,0.49
0.385,0.49
0.42,0.49
0.455,0.49
0.49,0.49
0.525,0.49
0.56,0.49
0.595,0.49
0.63,0.49
0.665,0.49
0.7,0.49
0.735,0.49
0.77,0.49
0.805,0.49
0.84,0.49
0.875,0.49
0.91,0.49
0.945,0.49
0.98,0.49
1.015,0.49
1.05,0.49
1.085,0.49
1.12,0.49
1.155,0.49
1.19,0.49
1.225,0.49
1.26,0.49
1.295,0.49
1.33,0.49
1.365,0.49
1.4,0.49
1.435,0.49
1.47,0.49
1.505,0.49
1.54,0.49
1.575,0.49
1.61,0.49
1.645,0.49
1.68,0.49
1.785,0.49
1.82,0.49
1.855,0.49
1.89,0.49
1.925,0.49
1.96,0.49
1.995,0.49
2.03,0.49
2.065,0.49
2.1,0.49
2.135,0.49
2.17,0.49
2.205,0.49
2.24,0.49
2.275,0.49
2.31,0.49
2.345,0.49
2.38,0.49
2.415,0.49
2.45,0.49
2.485,0.49
2.52,0.49
2.555,0.49
2.59,0.49
2.625,0.49
2.66,0.49
2.695,0.49
2.73,0.49
2.765,0.49
2.8,0.49
2.835,0.49
2.87,0.49
2.905,0.49
2.94,0.49
3.36,0.49
3.395,0.49
3.43,0.49
3.465,0.49
0,0.455
0.035,0.455
0.07,0.455
0.105,0.455
0.14,0.455
0.175,0.455
0.21,0.455
0.245,0.455
0.28,0.455
0.315,0.455
0.35,0.455
0.385,0.455
0.42,0.455
0.455,0.455
0.49,0.455
0.525,0.455
0.56,0.455
0.595,0.455
0.63,0.455
0.665,0.455
0.7,0.455
0.735,0.455
0.77,0.455
0.805,0.455
0.84,0.455
0.875,0.455
0.91,0.455
0.945,0.455
0.98,0.455
1.015,0.455
1.05,0.455
1.085,0.455
1.12,0.455
1.155,0.455
1.19,0.455
1.225,0.455
1.26,0.455
1.295,0.455
1.33,0.455
1.365,0.455
1.4,0.455
1.435,0.455
1.47,0.455
1.505,0.455
1.54,0.455
1.575,0.455
1.61,0.455
1.645,0.455
1.75,0.455
1.785,0.455
1.82,0.455
1.855,0.455
1.89,0.455
1.925,0.455
1.96,0.455
1.995,0.455
2.03,0.455
2.065,0.455
2.1,0.455
2.135,0.455
2.17,0.455
2.205,0.455
2.24,0.455
2.275,0.455
2.31,0.455
2.345,0.455
2.38,0.455
2.415,0.455
2.45,0.455
2.485,0.455
2.52,0.455
2.555,0.455
2.59,0.455
2.625,0.455
2.66,0.455
2.695,0.455
2.73,0.455
2.765,0.455
2.8,0.455
2.835,0.455
2.87,0.455
2.905,0.455
2.94,0.455
2.975,0.455
3.325,0.455
3.36,0.455
3.395,0.455
3.43,0.455
3.465,0.455
0,0.42
0.035,0.42
0.07,0.42
0.105,0.42
0.14,0.42
0.175,0.42
0.21,0.42
0.245,0.42
0.28,0.42
0.315,0.42
0.35,0.42
0.385,0.42
0.42,0.42
0.455,0.42
0.49,0.42
0.525,0.42
0.56,0.42
0.595,0.42
0.63,0.42
0.665,0.42
0.7,0.42
0.735,0.42
0.77,0.42
0.805,0.42
0.84,0.42
0.875,0.42
0.91,0.42
0.945,0.42
0.98,0.42
1.015,0.42
1.05,0.42
1.085,0.42
1.12,0.42
1.155,0.42
1.19,0.42
1.225,0.42
1.26,0.42
1.295,0.42
1.33,0.42
1.365,0.42
1.4,0.42
1.435,0.42
1.47,0.42
1.505,0.42
1.54,0.42
1.575,0.42
1.61,0.42
1.645,0.42
1.68,0.42
1.715,0.42
1.75,0.42
1.785,0.42
1.82,0.42
1.855,0.42
1.89,0.42
1.925,0.42
1.96,0.42
1.995,0.42
2.03,0.42
2.065,0.42
2.1,0.42
2.135,0.42
2.17,0.42
2.205,0.42
2.24,0.42
2.31,0.42
2.345,0.42
2.38,0.42
2.415,0.42
2.45,0.42
2.485,0.42
2.52,0.42
2.555,0.42
2.59,0.42
2.625,0.42
2.66,0.42
2.695,0.42
2.73,0.42
2.765,0.42
2.8,0.42
2.835,0.42
2.87,0.42
2.905,0.42
2.94,0.42
2.975,0.42
3.29,0.42
3.325,0.42
3.36,0.42
3.395,0.42
3.43,0.42
3.465,0.42
0,0.385
0.035,0.385
0.07,0.385
0.105,0.385
0.14,0.385
0.175,0.385
0.21,0.385
0.245,0.385
0.28,0.385
0.315,0.385
0.35,0.385
0.385,0.385
0.42,0.385
0.455,0.385
0.49,0.385
0.525,0.385
0.56,0.385
0.595,0.385
0.63,0.385
0.665,0.385
0.7,0.385
0.735,0.385
0.77,0.385
0.805,0.385
0.84,0.385
0.875,0.385
0.91,0.385
0.945,0.385
0.98,0.385
1.015,0.385
1.05,0.385
1.085,0.385
1.12,0.385
1.155,0.385
1.19,0.385
1.225,0.385
1.26,0.385
1.295,0.385
1.33,0.385
1.365,0.385
1.4,0.385
1.435,0.385
1.47,0.385
1.505,0.385
1.54,0.385
1.575,0.385
1.61,0.385
1.645,0.385
1.68,0.385
1.715,0.385
1.75,0.385
1.785,0.385
1.82,0.385
1.855,0.385
1.89,0.385
1.925,0.385
1.96,0.385
1.995,0.385
2.03,0.385
2.065,0.385
2.1,0.385
2.135,0.385
2.17,0.385
2.205,0.385
2.38,0.385
2.415,0.385
2.45,0.385
2.485,0.385
2.52,0.385
2.555,0.385
2.59,0.385
2.625,0.385
2.66,0.385
2.695,0.385
2.73,0.385
2.765,0.385
2.8,0.385
2.835,0.385
2.87,0.385
2.905,0.385
2.94,0.385
2.975,0.385
3.22,0.385
3.255,0.385
3.29,0.385
3.325,0.385
3.36,0.385
3.395,0.385
3.43,0.385
3.465,0.385
0,0.35
0.035,0.35
0.07,0.35
0.105,0.35
0.14,0.35
0.175,0.35
0.21,0.35
0.245,0.35
0.28,0.35
0.315,0.35
0.35,0.35
0.385,0.35
0.42,0.35
0.455,0.35
0.49,0.35
0.525,0.35
0.56,0.35
0.595,0.35
0.63,0.35
0.665,0.35
0.7,0.35
0.735,0.35
0.77,0.35
0.805,0.35
0.84,0.35
0.875,0.35
0.91,0.35
0.945,0.35
0.98,0.35
1.015,0.35
1.05,0.35
1.085,0.35
1.12,0.35
1.155,0.35
1.19,0.35
1.225,0.35
1.26,0.35
1.295,0.35
1.33,0.35
1.365,0.35
1.4,0.35
1.435,0.35
1.47,0.35
1.505,0.35
1.54,0.35
1.575,0.35
1.61,0.35
1.645,0.35
1.68,0.35
1.715,0.35
1.75,0.35
1.785,0.35
1.82,0.35
1.855,0.35
1.89,0.35
1.925,0.35
1.96,0.35
1.995,0.35
2.03,0.35
2.065,0.35
2.1,0.35
2.135,0.35
2.17,0.35
2.415,0.35
2.45,0.35
2.485,0.35
2.52,0.35
2.555,0.35
2.59,0.35
2.625,0.35
2.66,0.35
2.695,0.35
2.73,0.35
2.765,0.35
2.8,0.35
2.835,0.35
2.87,0.35
2.905,0.35
2.94,0.35
2.975,0.35
3.185,0.35
3.22,0.35
3.255,0.35
3.29,0.35
3.325,0.35
3.36,0.35
3.395,0.35
3.43,0.35
3.465,0.35
0,0.315
0.035,0.315
0.07,0.315
0.105,0.315
0.14,0.315
0.175,0.315
0.21,0.315
0.245,0.315
0.28,0.315
0.315,0.315
0.35,0.315
0.385,0.315
0.42,0.315
0.455,0.315
0.49,0.315
0.525,0.315
0.56,0.315
0.595,0.315
0.63,0.315
0.665,0.315
0.7,0.315
0.735,0.315
0.77,0.315
0.805,0.315
0.84,0.315
0.875,0.315
0.91,0.315
0.945,0.315
0.98,0.315
1.015,0.315
1.05,0.315
1.085,0.315
1.12,0.315
1.155,0.315
1.19,0.315
1.225,0.315
1.26,0.315
1.295,0.315
1.33,0.315
1.365,0.315
1.4,0.315
1.435,0.315
1.47,0.315
1.505,0.315
1.54,0.315
1.575,0.315
1.61,0.315
1.645,0.315
1.68,0.315
1.715,0.315
1.75,0.315
1.785,0.315
1.82,0.315
1.855,0.315
1.89,0.315
1.925,0.315
1.96,0.315
1.995,0.315
2.03,0.315
2.065,0.315
2.1,0.315
2.135,0.315
2.17,0.315
2.38,0.315
2.415,0.315
2.45,0.315
2.485,0.315
2.52,0.315
2.555,0.315
2.59,0.315
2.625,0.315
2.66,0.315
2.695,0.315
2.73,0.315
2.765,0.315
2.8,0.315
2.835,0.315
2.87,0.315
2.905,0.315
2.94,0.315
3.15,0.315
3.185,0.315
3.22,0.315
3.255,0.315
3.29,0.315
3.325,0.315
3.36,0.315
3.395,0.315
3.43,0.315
3.465,0.315
0,0.28
0.035,0.28
0.07,0.28
0.105,0.28
0.14,0.28
0.175,0.28
0.21,0.28
0.245,0.28
0.28,0.28
0.315,0.28
0.35,0.28
0.385,0.28
0.42,0.28
0.455,0.28
0.49,0.28
0.525,0.28
0.56,0.28
0.595,0.28
0.63,0.28
0.665,0.28
0.7,0.28
0.735,0.28
0.77,0.28
0.805,0.28
0.84,0.28
0.875,0.28
0.91,0.28
0.945,0.28
0.98,0.28
1.015,0.28
1.05,0.28
1.085,0.28
1.12,0.28
1.155,0.28
1.19,0.28
1.225,0.28
1.26,0.28
1.295,0.28
1.33,0.28
1.365,0.28
1.4,0.28
1.435,0.28
1.47,0.28
1.505,0.28
1.54,0.28
1.575,0.28
1.61,0.28
1.645,0.28
1.68,0.28
1.715,0.28
1.75,0.28
1.785,0.28
1.82,0.28
1.855,0.28
1.89,0.28
1.925,0.28
1.96,0.28
1.995,0.28
2.03,0.28
2.065,0.28
2.1,0.28
2.135,0.28
2.345,0.28
2.38,0.28
2.415,0.28
2.45,0.28
2.485,0.28
2.52,0.28
2.555,0.28
2.59,0.28
2.625,0.28
2.66,0.28
2.695,0.28
2.73,0.28
2.765,0.28
2.8,0.28
2.835,0.28
2.87,0.28
2.905,0.28
2.94,0.28
3.115,0.28
3.15,0.28
3.185,0.28
3.22,0.28
3.255,0.28
3.29,0.28
3.325,0.28
3.36,0.28
3.395,0.28
3.43,0.28
0,0.245
0.035,0.245
0.07,0.245
0.105,0.245
0.14,0.245
0.175,0.245
0.21,0.245
0.245,0.245
0.28,0.245
0.315,0.245
0.35,0.245
0.385,0.245
0.42,0.245
0.455,0.245
0.49,0.245
0.525,0.245
0.56,0.245
0.595,0.245
0.63,0.245
0.665,0.245
0.7,0.245
0.735,0.245
0.77,0.245
0.805,0.245
0.84,0.245
0.875,0.245
0.91,0.245
0.945,0.245
0.98,0.245
1.015,0.245
1.05,0.245
1.085,0.245
1.12,0.245
1.155,0.245
1.19,0.245
1.225,0.245
1.26,0.245
1.295,0.245
1.33,0.245
1.365,0.245
1.4,0.245
1.435,0.245
1.47,0.245
1.505,0.245
1.54,0.245
1.575,0.245
1.61,0.245
1.645,0.245
1.68,0.245
1.715,0.245
1.75,0.245
1.785,0.245
1.82,0.245
1.855,0.245
1.89,0.245
1.925,0.245
1.96,0.245
1.995,0.245
2.03,0.245
2.065,0.245
2.1,0.245
2.31,0.245
2.345,0.245
2.38,0.245
2.415,0.245
2.45,0.245
2.485,0.245
2.52,0.245
2.555,0.245
2.59,0.245
2.625,0.245
2.66,0.245
2.695,0.245
2.73,0.245
2.765,0.245
2.8,0.245
2.835,0.245
2.87,0.245
2.905,0.245
3.08,0.245
3.115,0.245
3.15,0.245
3.185,0.245
3.22,0.245
3.255,0.245
3.29,0.245
3.325,0.245
3.36,0.245
3.395,0.245
0,0.21
0.035,0.21
0.07,0.21
0.105,0.21
0.14,0.21
0.175,0.21
0.21,0.21
0.245,0.21
0.28,0.21
0.315,0.21
0.35,0.21
0.385,0.21
0.42,0.21
0.455,0.21
0.49,0.21
0.525,0.21
0.56,0.21
0.595,0.21
0.63,0.21
0.665,0.21
0.7,0.21
0.735,0.21
0.77,0.21
0.805,0.21
0.84,0.21
0.875,0.21
0.91,0.21
0.945,0.21
0.98,0.21
1.015,0.21
1.05,0.21
1.085,0.21
1.12,0.21
1.155,0.21
1.19,0.21
1.225,0.21
1.26,0.21
1.295,0.21
1.33,0.21
1.365,0.21
1.4,0.21
1.435,0.21
1.47,0.21
1.505,0.21
1.54,0.21
1.575,0.21
1.61,0.21
1.645,0.21
1.68,0.21
1.715,0.21
1.75,0.21
1.785,0.21
1.82,0.21
1.855,0.21
1.89,0.21
1.925,0.21
1.96,0.21
1.995,0.21
2.03,0.21
2.065,0.21
2.24,0.21
2.275,0.21
2.31,0.21
2.345,0.21
2.38,0.21
2.415,0.21
2.45,0.21
2.485,0.21
2.52,0.21
2.555,0.21
2.59,0.21
2.625,0.21
2.66,0.21
2.695,0.21
2.73,0.21
3.045,0.21
3.08,0.21
3.115,0.21
3.15,0.21
3.185,0.21
3.22,0.21
3.255,0.21
3.29,0.21
3.325,0.21
3.36,0.21
0,0.175
0.035,0.175
0.07,0.175
0.105,0.175
0.14,0.175
0.175,0.175
0.21,0.175
0.245,0.175
0.28,0.175
0.315,0.175
0.35,0.175
0.385,0.175
0.42,0.175
0.455,0.175
0.49,0.175
0.525,0.175
0.56,0.175
0.595,0.175
0.63,0.175
0.665,0.175
0.7,0.175
0.735,0.175
0.77,0.175
0.805,0.175
0.84,0.175
0.875,0.175
0.91,0.175
0.945,0.175
0.98,0.175
1.015,0.175
1.05,0.175
1.085,0.175
1.12,0.175
1.155,0.175
1.19,0.175
1.225,0.175
1.26,0.175
1.295,0.175
1.33,0.175
1.365,0.175
1.4,0.175
1.435,0.175
1.47,0.175
1.505,0.175
1.54,0.175
1.575,0.175
1.61,0.175
1.645,0.175
1.68,0.175
1.715,0.175
1.75,0.175
1.785,0.175
1.82,0.175
1.855,0.175
1.89,0.175
1.925,0.175
1.96,0.175
1.995,0.175
2.03,0.175
2.065,0.175
2.205,0.175
2.24,0.175
2.275,0.175
2.31,0.175
2.345,0.175
2.38,0.175
2.415,0.175
2.45,0.175
2.485,0.175
2.52,0.175
2.555,0.175
2.59,0.175
2.625,0.175
2.66,0.175
2.695,0.175
2.975,0.175
3.01,0.175
3.045,0.175
3.08,0.175
3.115,0.175
3.15,0.175
3.185,0.175
3.22,0.175
3.255,0.175
3.29,0.175
3.325,0.175
0,0.14
0.035,0.14
0.07,0.14
0.105,0.14
0.14,0.14
0.175,0.14
0.21,0.14
0.245,0.14
0.28,0.14
0.315,0.14
0.35,0.14
0.385,0.14
0.42,0.14
0.455,0.14
0.49,0.14
0.525,0.14
0.56,0.14
0.595,0.14
0.63,0.14
0.665,0.14
0.7,0.14
0.735,0.14
0.77,0.14
0.805,0.14
0.84,0.14
0.875,0.14
0.91,0.14
0.945,0.14
0.98,0.14
1.015,0.14
1.05,0.14
1.085,0.14
1.12,0.14
1.155,0.14
1.19,0.14
1.225,0.14
1.26,0.14
1.295,0.14
1.33,0.14
1.365,0.14
1.4,0.14
1.435,0.14
1.47,0.14
1.505,0.14
1.54,0.14
1.575,0.14
1.61,0.14
1.645,0.14
1.68,0.14
1.715,0.14
1.75,0.14
1.785,0.14
1.82,0.14
1.855,0.14
1.89,0.14
1.925,0.14
1.96,0.14
1.995,0.14
2.03,0.14
2.17,0.14
2.205,0.14
2.24,0.14
2.275,0.14
2.31,0.14
2.345,0.14
2.38,0.14
2.415,0.14
2.45,0.14
2.485,0.14
2.52,0.14
2.555,0.14
2.59,0.14
2.625,0.14
2.66,0.14
2.94,0.14
2.975,0.14
3.01,0.14
3.045,0.14
3.08,0.14
3.115,0.14
3.15,0.14
3.185,0.14
3.22,0.14
3.255,0.14
3.29,0.14
3.325,0.14
0,0.105
0.035,0.105
0.07,0.105
0.105,0.105
0.14,0.105
0.175,0.105
0.21,0.105
0.245,0.105
0.28,0.105
0.315,0.105
0.35,0.105
0.385,0.105
0.42,0.105
0.455,0.105
0.49,0.105
0.525,0.105
0.56,0.105
0.595,0.105
0.63,0.105
0.665,0.105
0.7,0.105
0.735,0.105
0.77,0.105
0.805,0.105
0.84,0.105
0.875,0.105
0.91,0.105
0.945,0.105
0.98,0.105
1.015,0.105
1.05,0.105
1.085,0.105
1.12,0.105
1.155,0.105
1.19,0.105
1.225,0.105
1.26,0.105
1.295,0.105
1.33,0.105
1.365,0.105
1.4,0.105
1.435,0.105
1.47,0.105
1.505,0.105
1.54,0.105
1.575,0.105
1.61,0.105
1.645,0.105
1.68,0.105
1.715,0.105
1.75,0.105
1.785,0.105
1.82,0.105
1.855,0.105
1.89,0.105
1.925,0.105
1.96,0.105
1.995,0.105
2.03,0.105
2.1,0.105
2.135,0.105
2.17,0.105
2.205,0.105
2.24,0.105
2.275,0.105
2.31,0.105
2.345,0.105
2.38,0.105
2.415,0.105
2.45,0.105
2.485,0.105
2.52,0.105
2.555,0.105
2.59,0.105
2.625,0.105
2.905,0.105
2.94,0.105
2.975,0.105
3.01,0.105
3.045,0.105
3.08,0.105
3.115,0.105
3.15,0.105
3.185,0.105
3.22,0.105
3.255,0.105
3.29,0.105
0,0.07
0.035,0.07
0.07,0.07
0.105,0.07
0.14,0.07
0.175,0.07
0.21,0.07
0.245,0.07
0.28,0.07
0.315,0.07
0.35,0.07
0.385,0.07
0.42,0.07
0.455,0.07
0.49,0.07
0.525,0.07
0.56,0.07
0.595,0.07
0.63,0.07
0.665,0.07
0.7,0.07
0.735,0.07
0.77,0.07
0.805,0.07
0.84,0.07
0.875,0.07
0.91,0.07
0.945,0.07
0.98,0.07
1.015,0.07
1.05,0.07
1.085,0.07
1.12,0.07
1.155,0.07
1.19,0.07
1.225,0.07
1.26,0.07
1.295,0.07
1.33,0.07
1.365,0.07
1.4,0.07
1.435,0.07
1.47,0.07
1.505,0.07
1.54,0.07
1.575,0.07
1.61,0.07
1.645,0.07
1.68,0.07
1.715,0.07
1.75,0.07
1.785,0.07
1.82,0.07
1.855,0.07
1.89,0.07
1.925,0.07
1.96,0.07
1.995,0.07
2.03,0.07
2.065,0.07
2.1,0.07
2.135,0.07
2.17,0.07
2.205,0.07
2.24,0.07
2.275,0.07
2.31,0.07
2.345,0.07
2.38,0.07
2.415,0.07
2.45,0.07
2.485,0.07
2.52,0.07
2.555,0.07
2.59,0.07
2.87,0.07
2.905,0.07
2.94,0.07
2.975,0.07
3.01,0.07
3.045,0.07
3.08,0.07
3.115,0.07
3.15,0.07
3.185,0.07
3.22,0.07
3.255,0.07
0,0.035
0.035,0.035
0.07,0.035
0.105,0.035
0.14,0.035
0.175,0.035
0.21,0.035
0.245,0.035
0.28,0.035
0.315,0.035
0.35,0.035
0.385,0.035
0.42,0.035
0.455,0.035
0.49,0.035
0.525,0.035
0.56,0.035
0.595,0.035
0.63,0.035
0.665,0.035
0.7,0.035
0.735,0.035
0.77,0.035
0.805,0.035
0.84,0.035
0.875,0.035
0.91,0.035
0.945,0.035
0.98,0.035
1.015,0.035
1.05,0.035
1.085,0.035
1.12,0.035
1.155,0.035
1.19,0.035
1.225,0.035
1.26,0.035
1.295,0.035
1.33,0.035
1.365,0.035
1.4,0.035
1.435,0.035
1.47,0.035
1.505,0.035
1.54,0.035
1.575,0.035
1.61,0.035
1.645,0.035
1.68,0.035
1.715,0.035
1.75,0.035
1.785,0.035
1.82,0.035
1.855,0.035
1.89,0.035
1.925,0.035
1.96,0.035
1.995,0.035
2.03,0.035
2.065,0.035
2.1,0.035
2.135,0.035
2.17,0.035
2.205,0.035
2.24,0.035
2.275,0.035
2.31,0.035
2.345,0.035
2.38,0.035
2.415,0.035
2.45,0.035
2.485,0.035
2.52,0.035
2.555,0.035
2.835,0.035
2.87,0.035
2.905,0.035
2.94,0.035
2.975,0.035
3.01,0.035
3.045,0.035
3.08,0.035
3.115,0.035
3.15,0.035
3.185,0.035
3.22,0.035
